time_s,length,hex,dest,src,path,control,pid,info_len,text,summary
53.728,223,94A662B29CAA6094A662B2A4AAE103F0CCFE82016A71A837BE000002010000000B5C010101004142C6D6D2DBBC3041FC000040A651EC3F99999A40A647AE00000000410A828C6507000001061BC9C5C4C4BB3822DFBC2D3B8B39416D6EBB36B692BC25E2303AD1324EC58E5F1EC6C7815546A528A2C5AA6FB8C6FD2E6F46CF47FE000000073E5EE5183F59EB0F3ED2FF083E76FCD2BF621736BDDC57823EE9C16A411783477C808DBAC12C0F109D62C7E6415A15FF2ECC0456C0BD9FCE14AB0785405818069B0EF4C8407B6FCF964E60D1000000000000000000000000A4DA,JS1YNU,JS1YRU,,3,240,207,cc fe 82 01 6a 71 a8 37 be 00 00 02 01 00 00 00 0b 5c 01 01 01 00 41 42 c6 d6 d2 db bc 30 41 fc 00 00 40 a6 51 ec 3f 99 99 9a 40 a6 47 ae 00 00 00 00 41 0a 82 8c 65 07 00 00 01 06 1b c9 c5 c4 c4 bb 38 22 df bc 2d 3b 8b 39 41 6d 6e bb 36 b6 92 bc 25 e2 30 3a d1 32 4e c5 8e 5f 1e c6 c7 81 55 46 a5 28 a2 c5 aa 6f b8 c6 fd 2e 6f 46 cf 47 fe 00 00 00 07 3e 5e e5 18 3f 59 eb 0f 3e d2 ff 08 3e 76 fc d2 bf 62 17 36 bd dc 57 82 3e e9 c1 6a 41 17 83 47 7c 80 8d ba c1 2c 0f 10 9d 62 c7 e6 41 5a 15 ff 2e cc 04 56 c0 bd 9f ce 14 ab 07 85 40 58 18 06 9b 0e f4 c8 40 7b 6f cf 96 4e 60 d1 00 00 00 00 00 00 00 00 00 00 00 00 a4 da,JS1YRU>JS1YNU: cc fe 82 01 6a 71 a8 37 be 00 00 02 01 00 00 00 0b 5c 01 01 01 00 41 42 c6 d6 d2 db bc 30 41 fc 00 00 40 a6 51 ec 3f 99 99 9a 40 a6 47 ae 00 00 00 00 41 0a 82 8c 65 07 00 00 01 06 1b c9 c5 c4 c4 bb 38 22 df bc 2d 3b 8b 39 41 6d 6e bb 36 b6 92 bc 25 e2 30 3a d1 32 4e c5 8e 5f 1e c6 c7 81 55 46 a5 28 a2 c5 aa 6f b8 c6 fd 2e 6f 46 cf 47 fe 00 00 00 07 3e 5e e5 18 3f 59 eb 0f 3e d2 ff 08 3e 76 fc d2 bf 62 17 36 bd dc 57 82 3e e9 c1 6a 41 17 83 47 7c 80 8d ba c1 2c 0f 10 9d 62 c7 e6 41 5a 15 ff 2e cc 04 56 c0 bd 9f ce 14 ab 07 85 40 58 18 06 9b 0e f4 c8 40 7b 6f cf 96 4e 60 d1 00 00 00 00 00 00 00 00 00 00 00 00 a4 da
55.778,223,94A662B29CAA6094A662B2A4AAE103F0CCFE82026A71A846FD000006010000000B5C010101004142C7246F5235FD41DF333340A63D713FA6666740A6666600000000410F722E5B0A000001091CCFC7C4CBBB8222C7BC25563E3963DD94BB8EDF96BC33D79E392F7EF8C486CE0AC702A2E846C9A167C3E7E680C7041B1A46C6DFBF000000073EDCDCF0BE6EA393BF13A1523F274B00BF5E77CCBE132E0E3EF267E34110ADF9BBF31A7CC154690D1790A5774150B16A0D054559C097BB0749DDF85540B235C1CEA9C8A640B6A08801433D9F000000000000000000000000F2A4,JS1YNU,JS1YRU,,3,240,207,cc fe 82 02 6a 71 a8 46 fd 00 00 06 01 00 00 00 0b 5c 01 01 01 00 41 42 c7 24 6f 52 35 fd 41 df 33 33 40 a6 3d 71 3f a6 66 67 40 a6 66 66 00 00 00 00 41 0f 72 2e 5b 0a 00 00 01 09 1c cf c7 c4 cb bb 82 22 c7 bc 25 56 3e 39 63 dd 94 bb 8e df 96 bc 33 d7 9e 39 2f 7e f8 c4 86 ce 0a c7 02 a2 e8 46 c9 a1 67 c3 e7 e6 80 c7 04 1b 1a 46 c6 df bf 00 00 00 07 3e dc dc f0 be 6e a3 93 bf 13 a1 52 3f 27 4b 00 bf 5e 77 cc be 13 2e 0e 3e f2 67 e3 41 10 ad f9 bb f3 1a 7c c1 54 69 0d 17 90 a5 77 41 50 b1 6a 0d 05 45 59 c0 97 bb 07 49 dd f8 55 40 b2 35 c1 ce a9 c8 a6 40 b6 a0 88 01 43 3d 9f 00 00 00 00 00 00 00 00 00 00 00 00 f2 a4,JS1YRU>JS1YNU: cc fe 82 02 6a 71 a8 46 fd 00 00 06 01 00 00 00 0b 5c 01 01 01 00 41 42 c7 24 6f 52 35 fd 41 df 33 33 40 a6 3d 71 3f a6 66 67 40 a6 66 66 00 00 00 00 41 0f 72 2e 5b 0a 00 00 01 09 1c cf c7 c4 cb bb 82 22 c7 bc 25 56 3e 39 63 dd 94 bb 8e df 96 bc 33 d7 9e 39 2f 7e f8 c4 86 ce 0a c7 02 a2 e8 46 c9 a1 67 c3 e7 e6 80 c7 04 1b 1a 46 c6 df bf 00 00 00 07 3e dc dc f0 be 6e a3 93 bf 13 a1 52 3f 27 4b 00 bf 5e 77 cc be 13 2e 0e 3e f2 67 e3 41 10 ad f9 bb f3 1a 7c c1 54 69 0d 17 90 a5 77 41 50 b1 6a 0d 05 45 59 c0 97 bb 07 49 dd f8 55 40 b2 35 c1 ce a9 c8 a6 40 b6 a0 88 01 43 3d 9f 00 00 00 00 00 00 00 00 00 00 00 00 f2 a4
57.628,223,94A662B29CAA6094A662B2A4AAE103F0CCFE82036A71A87FFD000006010000000B5C010101004142C7246F57F9C14203999A40A651EC3F66666740A63D71000000004113B60D4D180000010D1DCCCAC4CBBB9909B2BC2F990338DE9397BB47C212BC49A288BA64A0D0454768A3C708CB4F46BA76754574DCE0C7091A9F46B7AD240000001B3EDCA344BE64EB71BF177C663F24BFF4BF59F3F7BE3E6CB73EFB2071410DD360DB716F4FC154237AF1D92C71415106B29AD86AE4C097B909311A745540B298790B03887040B64F9ED6B1A2B30000000000000000000000004E4F,JS1YNU,JS1YRU,,3,240,207,cc fe 82 03 6a 71 a8 7f fd 00 00 06 01 00 00 00 0b 5c 01 01 01 00 41 42 c7 24 6f 57 f9 c1 42 03 99 9a 40 a6 51 ec 3f 66 66 67 40 a6 3d 71 00 00 00 00 41 13 b6 0d 4d 18 00 00 01 0d 1d cc ca c4 cb bb 99 09 b2 bc 2f 99 03 38 de 93 97 bb 47 c2 12 bc 49 a2 88 ba 64 a0 d0 45 47 68 a3 c7 08 cb 4f 46 ba 76 75 45 74 dc e0 c7 09 1a 9f 46 b7 ad 24 00 00 00 1b 3e dc a3 44 be 64 eb 71 bf 17 7c 66 3f 24 bf f4 bf 59 f3 f7 be 3e 6c b7 3e fb 20 71 41 0d d3 60 db 71 6f 4f c1 54 23 7a f1 d9 2c 71 41 51 06 b2 9a d8 6a e4 c0 97 b9 09 31 1a 74 55 40 b2 98 79 0b 03 88 70 40 b6 4f 9e d6 b1 a2 b3 00 00 00 00 00 00 00 00 00 00 00 00 4e 4f,JS1YRU>JS1YNU: cc fe 82 03 6a 71 a8 7f fd 00 00 06 01 00 00 00 0b 5c 01 01 01 00 41 42 c7 24 6f 57 f9 c1 42 03 99 9a 40 a6 51 ec 3f 66 66 67 40 a6 3d 71 00 00 00 00 41 13 b6 0d 4d 18 00 00 01 0d 1d cc ca c4 cb bb 99 09 b2 bc 2f 99 03 38 de 93 97 bb 47 c2 12 bc 49 a2 88 ba 64 a0 d0 45 47 68 a3 c7 08 cb 4f 46 ba 76 75 45 74 dc e0 c7 09 1a 9f 46 b7 ad 24 00 00 00 1b 3e dc a3 44 be 64 eb 71 bf 17 7c 66 3f 24 bf f4 bf 59 f3 f7 be 3e 6c b7 3e fb 20 71 41 0d d3 60 db 71 6f 4f c1 54 23 7a f1 d9 2c 71 41 51 06 b2 9a d8 6a e4 c0 97 b9 09 31 1a 74 55 40 b2 98 79 0b 03 88 70 40 b6 4f 9e d6 b1 a2 b3 00 00 00 00 00 00 00 00 00 00 00 00 4e 4f
59.478,223,94A662B29CAA6094A662B2A4AAE103F0CCFE82046A71A880FD000006010000000B5C010101004142C7246F5D96AF4202666740A633333FA6666740A651EC0000000041160F323417000001100FDED8C4CBBBB733BFBC2779093AD7EE38BB919416BC2A3CA23A65C50145E7803FC70D7C2B46A2EB6A45F6ADA8C70D69A846A0B7D9000000B13EB87A12BE82E628BF20A1873F2423FCBF44636DBE5B83C43F1AC6F0410A64F5D565E568C153DE4421ABCA2B415158A14F123AC4C097B4AB255FE56F40B2F760F4D7461F40B5FF43DA4959B300000000000000000000000070E8,JS1YNU,JS1YRU,,3,240,207,cc fe 82 04 6a 71 a8 80 fd 00 00 06 01 00 00 00 0b 5c 01 01 01 00 41 42 c7 24 6f 5d 96 af 42 02 66 67 40 a6 33 33 3f a6 66 67 40 a6 51 ec 00 00 00 00 41 16 0f 32 34 17 00 00 01 10 0f de d8 c4 cb bb b7 33 bf bc 27 79 09 3a d7 ee 38 bb 91 94 16 bc 2a 3c a2 3a 65 c5 01 45 e7 80 3f c7 0d 7c 2b 46 a2 eb 6a 45 f6 ad a8 c7 0d 69 a8 46 a0 b7 d9 00 00 00 b1 3e b8 7a 12 be 82 e6 28 bf 20 a1 87 3f 24 23 fc bf 44 63 6d be 5b 83 c4 3f 1a c6 f0 41 0a 64 f5 d5 65 e5 68 c1 53 de 44 21 ab ca 2b 41 51 58 a1 4f 12 3a c4 c0 97 b4 ab 25 5f e5 6f 40 b2 f7 60 f4 d7 46 1f 40 b5 ff 43 da 49 59 b3 00 00 00 00 00 00 00 00 00 00 00 00 70 e8,JS1YRU>JS1YNU: cc fe 82 04 6a 71 a8 80 fd 00 00 06 01 00 00 00 0b 5c 01 01 01 00 41 42 c7 24 6f 5d 96 af 42 02 66 67 40 a6 33 33 3f a6 66 67 40 a6 51 ec 00 00 00 00 41 16 0f 32 34 17 00 00 01 10 0f de d8 c4 cb bb b7 33 bf bc 27 79 09 3a d7 ee 38 bb 91 94 16 bc 2a 3c a2 3a 65 c5 01 45 e7 80 3f c7 0d 7c 2b 46 a2 eb 6a 45 f6 ad a8 c7 0d 69 a8 46 a0 b7 d9 00 00 00 b1 3e b8 7a 12 be 82 e6 28 bf 20 a1 87 3f 24 23 fc bf 44 63 6d be 5b 83 c4 3f 1a c6 f0 41 0a 64 f5 d5 65 e5 68 c1 53 de 44 21 ab ca 2b 41 51 58 a1 4f 12 3a c4 c0 97 b4 ab 25 5f e5 6f 40 b2 f7 60 f4 d7 46 1f 40 b5 ff 43 da 49 59 b3 00 00 00 00 00 00 00 00 00 00 00 00 70 e8
61.333,223,94A662B29CAA6094A662B2A4AAE103F0CCFE82066A71A882FD000006010000000B5C010101004142C7246F68F76141DCCCCD40A63D713FA6666740A6666600000000411969F905260000010FCB0013C4CBBBC1E67DBC3308F93BA6DE7ABBB1BBAEBC50F26A3BD919F84637CA6CC716FE8D464BCE3D46378F9CC71768B24645EA32000001DD3E4939FCBEA1CB9DBF2C32863F23BBF4BF0FC087BE8F014E3F47655A4103751E1F4660EEC1534D37664E0E984151FBA2EB88173FC097A4839ED6557240B3B469B454A17140B5574B1C7C4FBA000000000000000000000000F886,JS1YNU,JS1YRU,,3,240,207,cc fe 82 06 6a 71 a8 82 fd 00 00 06 01 00 00 00 0b 5c 01 01 01 00 41 42 c7 24 6f 68 f7 61 41 dc cc cd 40 a6 3d 71 3f a6 66 67 40 a6 66 66 00 00 00 00 41 19 69 f9 05 26 00 00 01 0f cb 00 13 c4 cb bb c1 e6 7d bc 33 08 f9 3b a6 de 7a bb b1 bb ae bc 50 f2 6a 3b d9 19 f8 46 37 ca 6c c7 16 fe 8d 46 4b ce 3d 46 37 8f 9c c7 17 68 b2 46 45 ea 32 00 00 01 dd 3e 49 39 fc be a1 cb 9d bf 2c 32 86 3f 23 bb f4 bf 0f c0 87 be 8f 01 4e 3f 47 65 5a 41 03 75 1e 1f 46 60 ee c1 53 4d 37 66 4e 0e 98 41 51 fb a2 eb 88 17 3f c0 97 a4 83 9e d6 55 72 40 b3 b4 69 b4 54 a1 71 40 b5 57 4b 1c 7c 4f ba 00 00 00 00 00 00 00 00 00 00 00 00 f8 86,JS1YRU>JS1YNU: cc fe 82 06 6a 71 a8 82 fd 00 00 06 01 00 00 00 0b 5c 01 01 01 00 41 42 c7 24 6f 68 f7 61 41 dc cc cd 40 a6 3d 71 3f a6 66 67 40 a6 66 66 00 00 00 00 41 19 69 f9 05 26 00 00 01 0f cb 00 13 c4 cb bb c1 e6 7d bc 33 08 f9 3b a6 de 7a bb b1 bb ae bc 50 f2 6a 3b d9 19 f8 46 37 ca 6c c7 16 fe 8d 46 4b ce 3d 46 37 8f 9c c7 17 68 b2 46 45 ea 32 00 00 01 dd 3e 49 39 fc be a1 cb 9d bf 2c 32 86 3f 23 bb f4 bf 0f c0 87 be 8f 01 4e 3f 47 65 5a 41 03 75 1e 1f 46 60 ee c1 53 4d 37 66 4e 0e 98 41 51 fb a2 eb 88 17 3f c0 97 a4 83 9e d6 55 72 40 b3 b4 69 b4 54 a1 71 40 b5 57 4b 1c 7c 4f ba 00 00 00 00 00 00 00 00 00 00 00 00 f8 86
63.178,223,94A662B29CAA6094A662B2A4AAE103F0CCFE82076A71A891FD000006010000000B5C010101004142C7246F6EBB2541F4CCCD40A65C293FC0000040A65C2900000000411AC17C033D0000010DCC0421C4CBBBC799E7BC2F9C5F3BB45F1DBBB04871BC4F99E63BADC9D1462F602AC71C47B04603854B46309680C71D18B445F09E94000002733DD07E59BEAF6092BF2D84CC3F247ED4BEE6DA46BEA2A9243F55898A40FFEE9B6E763E96C153019B3FAE6E2241524C4A321AD20AC09798914C59A30540B4120F9153F0A940B4FFF208BE8D30000000000000000000000000235B,JS1YNU,JS1YRU,,3,240,207,cc fe 82 07 6a 71 a8 91 fd 00 00 06 01 00 00 00 0b 5c 01 01 01 00 41 42 c7 24 6f 6e bb 25 41 f4 cc cd 40 a6 5c 29 3f c0 00 00 40 a6 5c 29 00 00 00 00 41 1a c1 7c 03 3d 00 00 01 0d cc 04 21 c4 cb bb c7 99 e7 bc 2f 9c 5f 3b b4 5f 1d bb b0 48 71 bc 4f 99 e6 3b ad c9 d1 46 2f 60 2a c7 1c 47 b0 46 03 85 4b 46 30 96 80 c7 1d 18 b4 45 f0 9e 94 00 00 02 73 3d d0 7e 59 be af 60 92 bf 2d 84 cc 3f 24 7e d4 be e6 da 46 be a2 a9 24 3f 55 89 8a 40 ff ee 9b 6e 76 3e 96 c1 53 01 9b 3f ae 6e 22 41 52 4c 4a 32 1a d2 0a c0 97 98 91 4c 59 a3 05 40 b4 12 0f 91 53 f0 a9 40 b4 ff f2 08 be 8d 30 00 00 00 00 00 00 00 00 00 00 00 00 23 5b,JS1YRU>JS1YNU: cc fe 82 07 6a 71 a8 91 fd 00 00 06 01 00 00 00 0b 5c 01 01 01 00 41 42 c7 24 6f 6e bb 25 41 f4 cc cd 40 a6 5c 29 3f c0 00 00 40 a6 5c 29 00 00 00 00 41 1a c1 7c 03 3d 00 00 01 0d cc 04 21 c4 cb bb c7 99 e7 bc 2f 9c 5f 3b b4 5f 1d bb b0 48 71 bc 4f 99 e6 3b ad c9 d1 46 2f 60 2a c7 1c 47 b0 46 03 85 4b 46 30 96 80 c7 1d 18 b4 45 f0 9e 94 00 00 02 73 3d d0 7e 59 be af 60 92 bf 2d 84 cc 3f 24 7e d4 be e6 da 46 be a2 a9 24 3f 55 89 8a 40 ff ee 9b 6e 76 3e 96 c1 53 01 9b 3f ae 6e 22 41 52 4c 4a 32 1a d2 0a c0 97 98 91 4c 59 a3 05 40 b4 12 0f 91 53 f0 a9 40 b4 ff f2 08 be 8d 30 00 00 00 00 00 00 00 00 00 00 00 00 23 5b
65.328,223,94A662B29CAA6094A662B2A4AAE103F0CCFE82086A71A8A0FD000006010000000B5C010101004142C7246F7458134202CCCD40A651EC3FA6666740A651EC00000000411BAA95014700000107CD0D23C4CBBBF28714BC31F16F3BE0E828BBFDDECEBC3A58CA3BD0F37846122C0EC720C89645625FB9460A8D98C7213B9D45230ED0000003093A73DFD1BEB9B4ADBF2B88C93F25CD49BEB1BCC9BEBAE4BA3F5D25AB40F933D5607651A4C152B7230ADC38504152990B85C9EB92C0978A7E4864CD5240B46B448CA1E94A40B4AA0C1117A0180000000000000000000000006598,JS1YNU,JS1YRU,,3,240,207,cc fe 82 08 6a 71 a8 a0 fd 00 00 06 01 00 00 00 0b 5c 01 01 01 00 41 42 c7 24 6f 74 58 13 42 02 cc cd 40 a6 51 ec 3f a6 66 67 40 a6 51 ec 00 00 00 00 41 1b aa 95 01 47 00 00 01 07 cd 0d 23 c4 cb bb f2 87 14 bc 31 f1 6f 3b e0 e8 28 bb fd de ce bc 3a 58 ca 3b d0 f3 78 46 12 2c 0e c7 20 c8 96 45 62 5f b9 46 0a 8d 98 c7 21 3b 9d 45 23 0e d0 00 00 03 09 3a 73 df d1 be b9 b4 ad bf 2b 88 c9 3f 25 cd 49 be b1 bc c9 be ba e4 ba 3f 5d 25 ab 40 f9 33 d5 60 76 51 a4 c1 52 b7 23 0a dc 38 50 41 52 99 0b 85 c9 eb 92 c0 97 8a 7e 48 64 cd 52 40 b4 6b 44 8c a1 e9 4a 40 b4 aa 0c 11 17 a0 18 00 00 00 00 00 00 00 00 00 00 00 00 65 98,JS1YRU>JS1YNU: cc fe 82 08 6a 71 a8 a0 fd 00 00 06 01 00 00 00 0b 5c 01 01 01 00 41 42 c7 24 6f 74 58 13 42 02 cc cd 40 a6 51 ec 3f a6 66 67 40 a6 51 ec 00 00 00 00 41 1b aa 95 01 47 00 00 01 07 cd 0d 23 c4 cb bb f2 87 14 bc 31 f1 6f 3b e0 e8 28 bb fd de ce bc 3a 58 ca 3b d0 f3 78 46 12 2c 0e c7 20 c8 96 45 62 5f b9 46 0a 8d 98 c7 21 3b 9d 45 23 0e d0 00 00 03 09 3a 73 df d1 be b9 b4 ad bf 2b 88 c9 3f 25 cd 49 be b1 bc c9 be ba e4 ba 3f 5d 25 ab 40 f9 33 d5 60 76 51 a4 c1 52 b7 23 0a dc 38 50 41 52 99 0b 85 c9 eb 92 c0 97 8a 7e 48 64 cd 52 40 b4 6b 44 8c a1 e9 4a 40 b4 aa 0c 11 17 a0 18 00 00 00 00 00 00 00 00 00 00 00 00 65 98
67.178,223,94A662B29CAA6094A662B2A4AAE103F0CCFE82096A71A8AFFD000006010000000B5C010101004142C7246F7A1BD74203333340A651EC3F80000040A651EC00000000411BB6DA0054000001E3E4141EC4CBBBF18D52BC23D7513BDDBB4FBBF5238EBC4542D63BE6C79745AC9D11C724D24FC480BDAD459A2088C724AE0BC4F82980000000073ECB6D9F3EB070A53F41F1FCBEC5EA973E9A7E60BF52CAA23EF60E4740F249A46D80DC38C15268C39AF3562C4152E719F2048F50C09779A254A5B07F40B4C60D52D8FA5D40B44FC78A8E80D7000000000000000000000000F1BE,JS1YNU,JS1YRU,,3,240,207,cc fe 82 09 6a 71 a8 af fd 00 00 06 01 00 00 00 0b 5c 01 01 01 00 41 42 c7 24 6f 7a 1b d7 42 03 33 33 40 a6 51 ec 3f 80 00 00 40 a6 51 ec 00 00 00 00 41 1b b6 da 00 54 00 00 01 e3 e4 14 1e c4 cb bb f1 8d 52 bc 23 d7 51 3b dd bb 4f bb f5 23 8e bc 45 42 d6 3b e6 c7 97 45 ac 9d 11 c7 24 d2 4f c4 80 bd ad 45 9a 20 88 c7 24 ae 0b c4 f8 29 80 00 00 00 07 3e cb 6d 9f 3e b0 70 a5 3f 41 f1 fc be c5 ea 97 3e 9a 7e 60 bf 52 ca a2 3e f6 0e 47 40 f2 49 a4 6d 80 dc 38 c1 52 68 c3 9a f3 56 2c 41 52 e7 19 f2 04 8f 50 c0 97 79 a2 54 a5 b0 7f 40 b4 c6 0d 52 d8 fa 5d 40 b4 4f c7 8a 8e 80 d7 00 00 00 00 00 00 00 00 00 00 00 00 f1 be,JS1YRU>JS1YNU: cc fe 82 09 6a 71 a8 af fd 00 00 06 01 00 00 00 0b 5c 01 01 01 00 41 42 c7 24 6f 7a 1b d7 42 03 33 33 40 a6 51 ec 3f 80 00 00 40 a6 51 ec 00 00 00 00 41 1b b6 da 00 54 00 00 01 e3 e4 14 1e c4 cb bb f1 8d 52 bc 23 d7 51 3b dd bb 4f bb f5 23 8e bc 45 42 d6 3b e6 c7 97 45 ac 9d 11 c7 24 d2 4f c4 80 bd ad 45 9a 20 88 c7 24 ae 0b c4 f8 29 80 00 00 00 07 3e cb 6d 9f 3e b0 70 a5 3f 41 f1 fc be c5 ea 97 3e 9a 7e 60 bf 52 ca a2 3e f6 0e 47 40 f2 49 a4 6d 80 dc 38 c1 52 68 c3 9a f3 56 2c 41 52 e7 19 f2 04 8f 50 c0 97 79 a2 54 a5 b0 7f 40 b4 c6 0d 52 d8 fa 5d 40 b4 4f c7 8a 8e 80 d7 00 00 00 00 00 00 00 00 00 00 00 00 f1 be
69.028,223,94A662B29CAA6094A662B2A4AAE103F0CCFE820A6A71A8BEFD000006010000000B5C010101004142C7246F7FB8C54203333340A65C293FA6666740A65C2900000000411C25440060000001C4001618C4CBBBFC152EBC10E5E23BFC1C10BBD64EBABC24ACB63BEF93644424480DC724BA9EC5A1E981C396C280C72455CCC5BCCBA8000000073EFB75643EBAD9983F3407F9BEB959BE3EB6DEB7BF58E90C3EC9406740E737723524EFBCC1521B5E95276C3341533195CD4D63FEC09766D7AB161AC040B51CC1D053236E40B3F6C3776125550000000000000000000000001158,JS1YNU,JS1YRU,,3,240,207,cc fe 82 0a 6a 71 a8 be fd 00 00 06 01 00 00 00 0b 5c 01 01 01 00 41 42 c7 24 6f 7f b8 c5 42 03 33 33 40 a6 5c 29 3f a6 66 67 40 a6 5c 29 00 00 00 00 41 1c 25 44 00 60 00 00 01 c4 00 16 18 c4 cb bb fc 15 2e bc 10 e5 e2 3b fc 1c 10 bb d6 4e ba bc 24 ac b6 3b ef 93 64 44 24 48 0d c7 24 ba 9e c5 a1 e9 81 c3 96 c2 80 c7 24 55 cc c5 bc cb a8 00 00 00 07 3e fb 75 64 3e ba d9 98 3f 34 07 f9 be b9 59 be 3e b6 de b7 bf 58 e9 0c 3e c9 40 67 40 e7 37 72 35 24 ef bc c1 52 1b 5e 95 27 6c 33 41 53 31 95 cd 4d 63 fe c0 97 66 d7 ab 16 1a c0 40 b5 1c c1 d0 53 23 6e 40 b3 f6 c3 77 61 25 55 00 00 00 00 00 00 00 00 00 00 00 00 11 58,JS1YRU>JS1YNU: cc fe 82 0a 6a 71 a8 be fd 00 00 06 01 00 00 00 0b 5c 01 01 01 00 41 42 c7 24 6f 7f b8 c5 42 03 33 33 40 a6 5c 29 3f a6 66 67 40 a6 5c 29 00 00 00 00 41 1c 25 44 00 60 00 00 01 c4 00 16 18 c4 cb bb fc 15 2e bc 10 e5 e2 3b fc 1c 10 bb d6 4e ba bc 24 ac b6 3b ef 93 64 44 24 48 0d c7 24 ba 9e c5 a1 e9 81 c3 96 c2 80 c7 24 55 cc c5 bc cb a8 00 00 00 07 3e fb 75 64 3e ba d9 98 3f 34 07 f9 be b9 59 be 3e b6 de b7 bf 58 e9 0c 3e c9 40 67 40 e7 37 72 35 24 ef bc c1 52 1b 5e 95 27 6c 33 41 53 31 95 cd 4d 63 fe c0 97 66 d7 ab 16 1a c0 40 b5 1c c1 d0 53 23 6e 40 b3 f6 c3 77 61 25 55 00 00 00 00 00 00 00 00 00 00 00 00 11 58
70.878,223,94A662B29CAA6094A662B2A4AAE103F0CCFE820B6A71A8CDFD000006010000000B5C010101004142C7246F857C894204666740A633333F8CCCCD40A63D7100000000411C18FF006F000001C4001A10C4CBBC0A065EBC221D6B3BF8B7C4BBF00CC0BC0ABDAC3BF86A3FC59CF013C7222305C6021C4BC5C141E0C7227077C61031C4000000073F14D7BD3EC636B23F247DF2BEA1455F3EDC6F0FBF5E04A23E8000CE40D32B9CBF87D50DC151CA9CF99D4F0B41537CAE3EA08544C09751215CAE6FAA40B57441C917E56640B39A02DA0E59E5000000000000000000000000CF82,JS1YNU,JS1YRU,,3,240,207,cc fe 82 0b 6a 71 a8 cd fd 00 00 06 01 00 00 00 0b 5c 01 01 01 00 41 42 c7 24 6f 85 7c 89 42 04 66 67 40 a6 33 33 3f 8c cc cd 40 a6 3d 71 00 00 00 00 41 1c 18 ff 00 6f 00 00 01 c4 00 1a 10 c4 cb bc 0a 06 5e bc 22 1d 6b 3b f8 b7 c4 bb f0 0c c0 bc 0a bd ac 3b f8 6a 3f c5 9c f0 13 c7 22 23 05 c6 02 1c 4b c5 c1 41 e0 c7 22 70 77 c6 10 31 c4 00 00 00 07 3f 14 d7 bd 3e c6 36 b2 3f 24 7d f2 be a1 45 5f 3e dc 6f 0f bf 5e 04 a2 3e 80 00 ce 40 d3 2b 9c bf 87 d5 0d c1 51 ca 9c f9 9d 4f 0b 41 53 7c ae 3e a0 85 44 c0 97 51 21 5c ae 6f aa 40 b5 74 41 c9 17 e5 66 40 b3 9a 02 da 0e 59 e5 00 00 00 00 00 00 00 00 00 00 00 00 cf 82,JS1YRU>JS1YNU: cc fe 82 0b 6a 71 a8 cd fd 00 00 06 01 00 00 00 0b 5c 01 01 01 00 41 42 c7 24 6f 85 7c 89 42 04 66 67 40 a6 33 33 3f 8c cc cd 40 a6 3d 71 00 00 00 00 41 1c 18 ff 00 6f 00 00 01 c4 00 1a 10 c4 cb bc 0a 06 5e bc 22 1d 6b 3b f8 b7 c4 bb f0 0c c0 bc 0a bd ac 3b f8 6a 3f c5 9c f0 13 c7 22 23 05 c6 02 1c 4b c5 c1 41 e0 c7 22 70 77 c6 10 31 c4 00 00 00 07 3f 14 d7 bd 3e c6 36 b2 3f 24 7d f2 be a1 45 5f 3e dc 6f 0f bf 5e 04 a2 3e 80 00 ce 40 d3 2b 9c bf 87 d5 0d c1 51 ca 9c f9 9d 4f 0b 41 53 7c ae 3e a0 85 44 c0 97 51 21 5c ae 6f aa 40 b5 74 41 c9 17 e5 66 40 b3 9a 02 da 0e 59 e5 00 00 00 00 00 00 00 00 00 00 00 00 cf 82
72.732,223,94A662B29CAA6094A662B2A4AAE103F0CCFE820C6A71A8DCFD000006010000000B5C010101004142C7246F8B19774203999A40A633333FB3333340A651EC00000000411C93AE0073000001C4001A13C4CBBC0F5652BC22E0953BCF63DBBC097716BC0F21F63BB29304C6276A64C71D2307C62D5ABEC63BE982C71A56C2C63468FC000000073F137F713ECF56E53F22A323BEA242AB3EDB899CBF5A3A1B3E9926ABC0BD31AB57E6F472C1517A5C1611C4E74153C4C8D80CFC57C09739AE7B2A21AB40B5C856DD290FA440B33DF61B962138000000000000000000000000E5C7,JS1YNU,JS1YRU,,3,240,207,cc fe 82 0c 6a 71 a8 dc fd 00 00 06 01 00 00 00 0b 5c 01 01 01 00 41 42 c7 24 6f 8b 19 77 42 03 99 9a 40 a6 33 33 3f b3 33 33 40 a6 51 ec 00 00 00 00 41 1c 93 ae 00 73 00 00 01 c4 00 1a 13 c4 cb bc 0f 56 52 bc 22 e0 95 3b cf 63 db bc 09 77 16 bc 0f 21 f6 3b b2 93 04 c6 27 6a 64 c7 1d 23 07 c6 2d 5a be c6 3b e9 82 c7 1a 56 c2 c6 34 68 fc 00 00 00 07 3f 13 7f 71 3e cf 56 e5 3f 22 a3 23 be a2 42 ab 3e db 89 9c bf 5a 3a 1b 3e 99 26 ab c0 bd 31 ab 57 e6 f4 72 c1 51 7a 5c 16 11 c4 e7 41 53 c4 c8 d8 0c fc 57 c0 97 39 ae 7b 2a 21 ab 40 b5 c8 56 dd 29 0f a4 40 b3 3d f6 1b 96 21 38 00 00 00 00 00 00 00 00 00 00 00 00 e5 c7,JS1YRU>JS1YNU: cc fe 82 0c 6a 71 a8 dc fd 00 00 06 01 00 00 00 0b 5c 01 01 01 00 41 42 c7 24 6f 8b 19 77 42 03 99 9a 40 a6 33 33 3f b3 33 33 40 a6 51 ec 00 00 00 00 41 1c 93 ae 00 73 00 00 01 c4 00 1a 13 c4 cb bc 0f 56 52 bc 22 e0 95 3b cf 63 db bc 09 77 16 bc 0f 21 f6 3b b2 93 04 c6 27 6a 64 c7 1d 23 07 c6 2d 5a be c6 3b e9 82 c7 1a 56 c2 c6 34 68 fc 00 00 00 07 3f 13 7f 71 3e cf 56 e5 3f 22 a3 23 be a2 42 ab 3e db 89 9c bf 5a 3a 1b 3e 99 26 ab c0 bd 31 ab 57 e6 f4 72 c1 51 7a 5c 16 11 c4 e7 41 53 c4 c8 d8 0c fc 57 c0 97 39 ae 7b 2a 21 ab 40 b5 c8 56 dd 29 0f a4 40 b3 3d f6 1b 96 21 38 00 00 00 00 00 00 00 00 00 00 00 00 e5 c7
74.578,223,94A662B29CAA6094A662B2A4AAE103F0CCFE820D6A71A8EBFD000006010000000B5C010101004142C7246F90DD3B41F4000040A651EC3FB3333340A65C2900000000411CE98E0080000001E3E41A09C4CBBC155108BC1DA1043BB688EBBC1F6823BC112F6C3BA9C9F6C67E98C2C7163BF6C64720B1C6872911C71633D8C64EECD8000000573F25B91C3EC020F23F1A6102BE8D92653ED102CBBF669FC63E171BFFC0E11A5EA83074C5C151270554AC571641540D1F4B73E2DDC0971F36E8B1D87440B61CC771C6358240B2DE7E699E4E270000000000000000000000000C2E,JS1YNU,JS1YRU,,3,240,207,cc fe 82 0d 6a 71 a8 eb fd 00 00 06 01 00 00 00 0b 5c 01 01 01 00 41 42 c7 24 6f 90 dd 3b 41 f4 00 00 40 a6 51 ec 3f b3 33 33 40 a6 5c 29 00 00 00 00 41 1c e9 8e 00 80 00 00 01 e3 e4 1a 09 c4 cb bc 15 51 08 bc 1d a1 04 3b b6 88 eb bc 1f 68 23 bc 11 2f 6c 3b a9 c9 f6 c6 7e 98 c2 c7 16 3b f6 c6 47 20 b1 c6 87 29 11 c7 16 33 d8 c6 4e ec d8 00 00 00 57 3f 25 b9 1c 3e c0 20 f2 3f 1a 61 02 be 8d 92 65 3e d1 02 cb bf 66 9f c6 3e 17 1b ff c0 e1 1a 5e a8 30 74 c5 c1 51 27 05 54 ac 57 16 41 54 0d 1f 4b 73 e2 dd c0 97 1f 36 e8 b1 d8 74 40 b6 1c c7 71 c6 35 82 40 b2 de 7e 69 9e 4e 27 00 00 00 00 00 00 00 00 00 00 00 00 0c 2e,JS1YRU>JS1YNU: cc fe 82 0d 6a 71 a8 eb fd 00 00 06 01 00 00 00 0b 5c 01 01 01 00 41 42 c7 24 6f 90 dd 3b 41 f4 00 00 40 a6 51 ec 3f b3 33 33 40 a6 5c 29 00 00 00 00 41 1c e9 8e 00 80 00 00 01 e3 e4 1a 09 c4 cb bc 15 51 08 bc 1d a1 04 3b b6 88 eb bc 1f 68 23 bc 11 2f 6c 3b a9 c9 f6 c6 7e 98 c2 c7 16 3b f6 c6 47 20 b1 c6 87 29 11 c7 16 33 d8 c6 4e ec d8 00 00 00 57 3f 25 b9 1c 3e c0 20 f2 3f 1a 61 02 be 8d 92 65 3e d1 02 cb bf 66 9f c6 3e 17 1b ff c0 e1 1a 5e a8 30 74 c5 c1 51 27 05 54 ac 57 16 41 54 0d 1f 4b 73 e2 dd c0 97 1f 36 e8 b1 d8 74 40 b6 1c c7 71 c6 35 82 40 b2 de 7e 69 9e 4e 27 00 00 00 00 00 00 00 00 00 00 00 00 0c 2e
76.427,223,94A662B29CAA6094A662B2A4AAE103F0CCFE820E6A71A8FAFD000006010000000B5C010101004142C7246F967A2941E0000040A63D713FA6666740A65C2900000000411C5656006A000001C43C1A09C4CBBC09AE4ABC086EFC3B6B2C7BBC074E0FBBEE30B83AF2C193C6A6A33BC71754F1C6586A55C6AD31F9C715835CC658A034000000073F24AB3A3ECC901A3F1884C8BE8910BB3EE4F675BF61A81D3E1B631CC0EE1D91B73F4A33C150D498A608A15B4154523C1E75586AC0970329BB7F93E040B66D874AC5419740B280314C034E5C000000000000000000000000FBB7,JS1YNU,JS1YRU,,3,240,207,cc fe 82 0e 6a 71 a8 fa fd 00 00 06 01 00 00 00 0b 5c 01 01 01 00 41 42 c7 24 6f 96 7a 29 41 e0 00 00 40 a6 3d 71 3f a6 66 67 40 a6 5c 29 00 00 00 00 41 1c 56 56 00 6a 00 00 01 c4 3c 1a 09 c4 cb bc 09 ae 4a bc 08 6e fc 3b 6b 2c 7b bc 07 4e 0f bb ee 30 b8 3a f2 c1 93 c6 a6 a3 3b c7 17 54 f1 c6 58 6a 55 c6 ad 31 f9 c7 15 83 5c c6 58 a0 34 00 00 00 07 3f 24 ab 3a 3e cc 90 1a 3f 18 84 c8 be 89 10 bb 3e e4 f6 75 bf 61 a8 1d 3e 1b 63 1c c0 ee 1d 91 b7 3f 4a 33 c1 50 d4 98 a6 08 a1 5b 41 54 52 3c 1e 75 58 6a c0 97 03 29 bb 7f 93 e0 40 b6 6d 87 4a c5 41 97 40 b2 80 31 4c 03 4e 5c 00 00 00 00 00 00 00 00 00 00 00 00 fb b7,JS1YRU>JS1YNU: cc fe 82 0e 6a 71 a8 fa fd 00 00 06 01 00 00 00 0b 5c 01 01 01 00 41 42 c7 24 6f 96 7a 29 41 e0 00 00 40 a6 3d 71 3f a6 66 67 40 a6 5c 29 00 00 00 00 41 1c 56 56 00 6a 00 00 01 c4 3c 1a 09 c4 cb bc 09 ae 4a bc 08 6e fc 3b 6b 2c 7b bc 07 4e 0f bb ee 30 b8 3a f2 c1 93 c6 a6 a3 3b c7 17 54 f1 c6 58 6a 55 c6 ad 31 f9 c7 15 83 5c c6 58 a0 34 00 00 00 07 3f 24 ab 3a 3e cc 90 1a 3f 18 84 c8 be 89 10 bb 3e e4 f6 75 bf 61 a8 1d 3e 1b 63 1c c0 ee 1d 91 b7 3f 4a 33 c1 50 d4 98 a6 08 a1 5b 41 54 52 3c 1e 75 58 6a c0 97 03 29 bb 7f 93 e0 40 b6 6d 87 4a c5 41 97 40 b2 80 31 4c 03 4e 5c 00 00 00 00 00 00 00 00 00 00 00 00 fb b7
78.327,223,94A662B29CAA6094A662B2A4AAE103F0CCFE820F6A71A934FD000006010000000B5C010101004142C7246F9C3DED41DE666740A651EC3F8CCCCD40A65C2900000000411C18FF0068000001C43C1B01C4CBBC0C6AA0BC249C1BBA420713BC18E746BC26F636BA8DAF9EC6BF63DCC7135EF5C6553E98C6C2BF8EC7139E06C656AF88000000073F3086B93ECA3E463F11C18CBE578EDD3EEF6258BF623CE23CA3FAE7C0F5B49F7E2DEF8BC1507E7456AAB5E0415497FE72DA4029C096E40123201ADB40B6BF1BCA180A2D40B21DC1EE3501430000000000000000000000002E22,JS1YNU,JS1YRU,,3,240,207,cc fe 82 0f 6a 71 a9 34 fd 00 00 06 01 00 00 00 0b 5c 01 01 01 00 41 42 c7 24 6f 9c 3d ed 41 de 66 67 40 a6 51 ec 3f 8c cc cd 40 a6 5c 29 00 00 00 00 41 1c 18 ff 00 68 00 00 01 c4 3c 1b 01 c4 cb bc 0c 6a a0 bc 24 9c 1b ba 42 07 13 bc 18 e7 46 bc 26 f6 36 ba 8d af 9e c6 bf 63 dc c7 13 5e f5 c6 55 3e 98 c6 c2 bf 8e c7 13 9e 06 c6 56 af 88 00 00 00 07 3f 30 86 b9 3e ca 3e 46 3f 11 c1 8c be 57 8e dd 3e ef 62 58 bf 62 3c e2 3c a3 fa e7 c0 f5 b4 9f 7e 2d ef 8b c1 50 7e 74 56 aa b5 e0 41 54 97 fe 72 da 40 29 c0 96 e4 01 23 20 1a db 40 b6 bf 1b ca 18 0a 2d 40 b2 1d c1 ee 35 01 43 00 00 00 00 00 00 00 00 00 00 00 00 2e 22,JS1YRU>JS1YNU: cc fe 82 0f 6a 71 a9 34 fd 00 00 06 01 00 00 00 0b 5c 01 01 01 00 41 42 c7 24 6f 9c 3d ed 41 de 66 67 40 a6 51 ec 3f 8c cc cd 40 a6 5c 29 00 00 00 00 41 1c 18 ff 00 68 00 00 01 c4 3c 1b 01 c4 cb bc 0c 6a a0 bc 24 9c 1b ba 42 07 13 bc 18 e7 46 bc 26 f6 36 ba 8d af 9e c6 bf 63 dc c7 13 5e f5 c6 55 3e 98 c6 c2 bf 8e c7 13 9e 06 c6 56 af 88 00 00 00 07 3f 30 86 b9 3e ca 3e 46 3f 11 c1 8c be 57 8e dd 3e ef 62 58 bf 62 3c e2 3c a3 fa e7 c0 f5 b4 9f 7e 2d ef 8b c1 50 7e 74 56 aa b5 e0 41 54 97 fe 72 da 40 29 c0 96 e4 01 23 20 1a db 40 b6 bf 1b ca 18 0a 2d 40 b2 1d c1 ee 35 01 43 00 00 00 00 00 00 00 00 00 00 00 00 2e 22
80.177,223,94A662B29CAA6094A662B2A4AAE103F0CCFE82106A71A934FD000006010000000B5C010101004142C7246FA1DADB41F1999A40A651EC3F8CCCCD40A6666600000000411BDBA80067000001C43C1EF9E4E5BBF3E4ABBC1B9068BAD20AB9BC00DE8DBC2B5A82BA9F1B16C6C5FD82C70F7DA2C6463F2CC6C87416C71057B8C640B294000000073F387F1F3ECD75D53F0C2B6CBE1000393F01D438BF5AB5BBBDE8BF2FC0FC1C2F4B20003BC15029A6C49E23EB4154DA4DF0CDB463C096C375C0A67D1F40B70CBCE836D25340B1BCF7A0CDAC370000000000000000000000002666,JS1YNU,JS1YRU,,3,240,207,cc fe 82 10 6a 71 a9 34 fd 00 00 06 01 00 00 00 0b 5c 01 01 01 00 41 42 c7 24 6f a1 da db 41 f1 99 9a 40 a6 51 ec 3f 8c cc cd 40 a6 66 66 00 00 00 00 41 1b db a8 00 67 00 00 01 c4 3c 1e f9 e4 e5 bb f3 e4 ab bc 1b 90 68 ba d2 0a b9 bc 00 de 8d bc 2b 5a 82 ba 9f 1b 16 c6 c5 fd 82 c7 0f 7d a2 c6 46 3f 2c c6 c8 74 16 c7 10 57 b8 c6 40 b2 94 00 00 00 07 3f 38 7f 1f 3e cd 75 d5 3f 0c 2b 6c be 10 00 39 3f 01 d4 38 bf 5a b5 bb bd e8 bf 2f c0 fc 1c 2f 4b 20 00 3b c1 50 29 a6 c4 9e 23 eb 41 54 da 4d f0 cd b4 63 c0 96 c3 75 c0 a6 7d 1f 40 b7 0c bc e8 36 d2 53 40 b1 bc f7 a0 cd ac 37 00 00 00 00 00 00 00 00 00 00 00 00 26 66,JS1YRU>JS1YNU: cc fe 82 10 6a 71 a9 34 fd 00 00 06 01 00 00 00 0b 5c 01 01 01 00 41 42 c7 24 6f a1 da db 41 f1 99 9a 40 a6 51 ec 3f 8c cc cd 40 a6 66 66 00 00 00 00 41 1b db a8 00 67 00 00 01 c4 3c 1e f9 e4 e5 bb f3 e4 ab bc 1b 90 68 ba d2 0a b9 bc 00 de 8d bc 2b 5a 82 ba 9f 1b 16 c6 c5 fd 82 c7 0f 7d a2 c6 46 3f 2c c6 c8 74 16 c7 10 57 b8 c6 40 b2 94 00 00 00 07 3f 38 7f 1f 3e cd 75 d5 3f 0c 2b 6c be 10 00 39 3f 01 d4 38 bf 5a b5 bb bd e8 bf 2f c0 fc 1c 2f 4b 20 00 3b c1 50 29 a6 c4 9e 23 eb 41 54 da 4d f0 cd b4 63 c0 96 c3 75 c0 a6 7d 1f 40 b7 0c bc e8 36 d2 53 40 b1 bc f7 a0 cd ac 37 00 00 00 00 00 00 00 00 00 00 00 00 26 66
82.031,223,94A662B29CAA6094A662B2A4AAE103F0CCFE82126A71A936FD000006010000000B5C010101004142C7246FAD3B8D4200CCCD40A633333FC0000040A65C2900000000411B54B40000640001C43C3CC43CC4BBB01F8CBC1784F1BC029C62BB6D6D89BC3C6CE0BC057A50C6B01CFDC71D0373C6081C4BC6AF18D1C71D9D11C603E82C000000073F3AD2A73EF2E0B03EFB4C4F3D1E835C3F287C74BF26F547BEC098DAC10473C154AAB0B8C14EF5555B295DF541555C1ACE6CF4C4C0967AD26BDA1C8D40B7A4F10969EA5B40B0F597649868F4000000000000000000000000E6FB,JS1YNU,JS1YRU,,3,240,207,cc fe 82 12 6a 71 a9 36 fd 00 00 06 01 00 00 00 0b 5c 01 01 01 00 41 42 c7 24 6f ad 3b 8d 42 00 cc cd 40 a6 33 33 3f c0 00 00 40 a6 5c 29 00 00 00 00 41 1b 54 b4 00 00 64 00 01 c4 3c 3c c4 3c c4 bb b0 1f 8c bc 17 84 f1 bc 02 9c 62 bb 6d 6d 89 bc 3c 6c e0 bc 05 7a 50 c6 b0 1c fd c7 1d 03 73 c6 08 1c 4b c6 af 18 d1 c7 1d 9d 11 c6 03 e8 2c 00 00 00 07 3f 3a d2 a7 3e f2 e0 b0 3e fb 4c 4f 3d 1e 83 5c 3f 28 7c 74 bf 26 f5 47 be c0 98 da c1 04 73 c1 54 aa b0 b8 c1 4e f5 55 5b 29 5d f5 41 55 5c 1a ce 6c f4 c4 c0 96 7a d2 6b da 1c 8d 40 b7 a4 f1 09 69 ea 5b 40 b0 f5 97 64 98 68 f4 00 00 00 00 00 00 00 00 00 00 00 00 e6 fb,JS1YRU>JS1YNU: cc fe 82 12 6a 71 a9 36 fd 00 00 06 01 00 00 00 0b 5c 01 01 01 00 41 42 c7 24 6f ad 3b 8d 42 00 cc cd 40 a6 33 33 3f c0 00 00 40 a6 5c 29 00 00 00 00 41 1b 54 b4 00 00 64 00 01 c4 3c 3c c4 3c c4 bb b0 1f 8c bc 17 84 f1 bc 02 9c 62 bb 6d 6d 89 bc 3c 6c e0 bc 05 7a 50 c6 b0 1c fd c7 1d 03 73 c6 08 1c 4b c6 af 18 d1 c7 1d 9d 11 c6 03 e8 2c 00 00 00 07 3f 3a d2 a7 3e f2 e0 b0 3e fb 4c 4f 3d 1e 83 5c 3f 28 7c 74 bf 26 f5 47 be c0 98 da c1 04 73 c1 54 aa b0 b8 c1 4e f5 55 5b 29 5d f5 41 55 5c 1a ce 6c f4 c4 c0 96 7a d2 6b da 1c 8d 40 b7 a4 f1 09 69 ea 5b 40 b0 f5 97 64 98 68 f4 00 00 00 00 00 00 00 00 00 00 00 00 e6 fb
83.877,223,94A662B29CAA6094A662B2A4AAE103F0CCFE82136A71A945FD000006010000000B5C010101004142C7246FB2FF514201999A40A647AE3F8CCCCD40A63D7100000000411B23A20000610001C43C1CE32CCBBB3CA0C6BC343BC1BC2D69EDBAF779F4BC3EA90EBC2406EEC68D233EC729D01DC5C06AECC686D7EDC72BEB24C5BCCBA8000000073F38F0303F049A9C3EDF60A03E0EDDCD3F2FD115BF02F0F6BF043529C107A99501338B66C14E3FA3F90F054541559BF53D3E7CBDC0965296E929EC1D40B7EFEDD34A62E340B08E3FB3DBE58D000000000000000000000000C122,JS1YNU,JS1YRU,,3,240,207,cc fe 82 13 6a 71 a9 45 fd 00 00 06 01 00 00 00 0b 5c 01 01 01 00 41 42 c7 24 6f b2 ff 51 42 01 99 9a 40 a6 47 ae 3f 8c cc cd 40 a6 3d 71 00 00 00 00 41 1b 23 a2 00 00 61 00 01 c4 3c 1c e3 2c cb bb 3c a0 c6 bc 34 3b c1 bc 2d 69 ed ba f7 79 f4 bc 3e a9 0e bc 24 06 ee c6 8d 23 3e c7 29 d0 1d c5 c0 6a ec c6 86 d7 ed c7 2b eb 24 c5 bc cb a8 00 00 00 07 3f 38 f0 30 3f 04 9a 9c 3e df 60 a0 3e 0e dd cd 3f 2f d1 15 bf 02 f0 f6 bf 04 35 29 c1 07 a9 95 01 33 8b 66 c1 4e 3f a3 f9 0f 05 45 41 55 9b f5 3d 3e 7c bd c0 96 52 96 e9 29 ec 1d 40 b7 ef ed d3 4a 62 e3 40 b0 8e 3f b3 db e5 8d 00 00 00 00 00 00 00 00 00 00 00 00 c1 22,JS1YRU>JS1YNU: cc fe 82 13 6a 71 a9 45 fd 00 00 06 01 00 00 00 0b 5c 01 01 01 00 41 42 c7 24 6f b2 ff 51 42 01 99 9a 40 a6 47 ae 3f 8c cc cd 40 a6 3d 71 00 00 00 00 41 1b 23 a2 00 00 61 00 01 c4 3c 1c e3 2c cb bb 3c a0 c6 bc 34 3b c1 bc 2d 69 ed ba f7 79 f4 bc 3e a9 0e bc 24 06 ee c6 8d 23 3e c7 29 d0 1d c5 c0 6a ec c6 86 d7 ed c7 2b eb 24 c5 bc cb a8 00 00 00 07 3f 38 f0 30 3f 04 9a 9c 3e df 60 a0 3e 0e dd cd 3f 2f d1 15 bf 02 f0 f6 bf 04 35 29 c1 07 a9 95 01 33 8b 66 c1 4e 3f a3 f9 0f 05 45 41 55 9b f5 3d 3e 7c bd c0 96 52 96 e9 29 ec 1d 40 b7 ef ed d3 4a 62 e3 40 b0 8e 3f b3 db e5 8d 00 00 00 00 00 00 00 00 00 00 00 00 c1 22
86.027,223,94A662B29CAA6094A662B2A4AAE103F0CCFE82146A71A954FD000006010000000B5C010101004142C7246FB89C3F4202666740A647AE3F99999A40A651EC00000000411B85C70000660001C43C1CE31FD0BB0C96E1BC359E23BC32A71ABB5CDEB4BC314002BC3E4938C627A6F7C73336D8C5667638C61C376CC73404D8C5593500000000073F3280263F11305E3EC23E5E3E60E4D43F323B7EBEBEA980BF1D1A40C10ABFE5A7F82A89C14D8D16B6CED7D44155D8773AC6152AC0962950DFBC625B40B83712C72B41A340B028CD16347FE90000000000000000000000003161,JS1YNU,JS1YRU,,3,240,207,cc fe 82 14 6a 71 a9 54 fd 00 00 06 01 00 00 00 0b 5c 01 01 01 00 41 42 c7 24 6f b8 9c 3f 42 02 66 67 40 a6 47 ae 3f 99 99 9a 40 a6 51 ec 00 00 00 00 41 1b 85 c7 00 00 66 00 01 c4 3c 1c e3 1f d0 bb 0c 96 e1 bc 35 9e 23 bc 32 a7 1a bb 5c de b4 bc 31 40 02 bc 3e 49 38 c6 27 a6 f7 c7 33 36 d8 c5 66 76 38 c6 1c 37 6c c7 34 04 d8 c5 59 35 00 00 00 00 07 3f 32 80 26 3f 11 30 5e 3e c2 3e 5e 3e 60 e4 d4 3f 32 3b 7e be be a9 80 bf 1d 1a 40 c1 0a bf e5 a7 f8 2a 89 c1 4d 8d 16 b6 ce d7 d4 41 55 d8 77 3a c6 15 2a c0 96 29 50 df bc 62 5b 40 b8 37 12 c7 2b 41 a3 40 b0 28 cd 16 34 7f e9 00 00 00 00 00 00 00 00 00 00 00 00 31 61,JS1YRU>JS1YNU: cc fe 82 14 6a 71 a9 54 fd 00 00 06 01 00 00 00 0b 5c 01 01 01 00 41 42 c7 24 6f b8 9c 3f 42 02 66 67 40 a6 47 ae 3f 99 99 9a 40 a6 51 ec 00 00 00 00 41 1b 85 c7 00 00 66 00 01 c4 3c 1c e3 1f d0 bb 0c 96 e1 bc 35 9e 23 bc 32 a7 1a bb 5c de b4 bc 31 40 02 bc 3e 49 38 c6 27 a6 f7 c7 33 36 d8 c5 66 76 38 c6 1c 37 6c c7 34 04 d8 c5 59 35 00 00 00 00 07 3f 32 80 26 3f 11 30 5e 3e c2 3e 5e 3e 60 e4 d4 3f 32 3b 7e be be a9 80 bf 1d 1a 40 c1 0a bf e5 a7 f8 2a 89 c1 4d 8d 16 b6 ce d7 d4 41 55 d8 77 3a c6 15 2a c0 96 29 50 df bc 62 5b 40 b8 37 12 c7 2b 41 a3 40 b0 28 cd 16 34 7f e9 00 00 00 00 00 00 00 00 00 00 00 00 31 61
87.877,223,94A662B29CAA6094A662B2A4AAE103F0CCFE82156A71A963FD000006010000000B5C010101004142C7246FBE600341DD999A40A63D713F66666740A647AE00000000411AFED30000680001C4003CC412D5BA52AAD3BC342A03BC455480B9A3FF00BC286356BC19344DC4F1472EC73735EAC4AD43D1C3E7E680C7374B27C495DCC0000000073F297CA43F1DCA143E9E424C3E9659773F2B1483BE74162CBF346640C10DE2E3F480F9C8C14CD3A92D8A5F7541561508E529786DC095FCC173119A8D40B87E61043C040A40AF7F1D31CE0A7B00000000000000000000000075D2,JS1YNU,JS1YRU,,3,240,207,cc fe 82 15 6a 71 a9 63 fd 00 00 06 01 00 00 00 0b 5c 01 01 01 00 41 42 c7 24 6f be 60 03 41 dd 99 9a 40 a6 3d 71 3f 66 66 67 40 a6 47 ae 00 00 00 00 41 1a fe d3 00 00 68 00 01 c4 00 3c c4 12 d5 ba 52 aa d3 bc 34 2a 03 bc 45 54 80 b9 a3 ff 00 bc 28 63 56 bc 19 34 4d c4 f1 47 2e c7 37 35 ea c4 ad 43 d1 c3 e7 e6 80 c7 37 4b 27 c4 95 dc c0 00 00 00 07 3f 29 7c a4 3f 1d ca 14 3e 9e 42 4c 3e 96 59 77 3f 2b 14 83 be 74 16 2c bf 34 66 40 c1 0d e2 e3 f4 80 f9 c8 c1 4c d3 a9 2d 8a 5f 75 41 56 15 08 e5 29 78 6d c0 95 fc c1 73 11 9a 8d 40 b8 7e 61 04 3c 04 0a 40 af 7f 1d 31 ce 0a 7b 00 00 00 00 00 00 00 00 00 00 00 00 75 d2,JS1YRU>JS1YNU: cc fe 82 15 6a 71 a9 63 fd 00 00 06 01 00 00 00 0b 5c 01 01 01 00 41 42 c7 24 6f be 60 03 41 dd 99 9a 40 a6 3d 71 3f 66 66 67 40 a6 47 ae 00 00 00 00 41 1a fe d3 00 00 68 00 01 c4 00 3c c4 12 d5 ba 52 aa d3 bc 34 2a 03 bc 45 54 80 b9 a3 ff 00 bc 28 63 56 bc 19 34 4d c4 f1 47 2e c7 37 35 ea c4 ad 43 d1 c3 e7 e6 80 c7 37 4b 27 c4 95 dc c0 00 00 00 07 3f 29 7c a4 3f 1d ca 14 3e 9e 42 4c 3e 96 59 77 3f 2b 14 83 be 74 16 2c bf 34 66 40 c1 0d e2 e3 f4 80 f9 c8 c1 4c d3 a9 2d 8a 5f 75 41 56 15 08 e5 29 78 6d c0 95 fc c1 73 11 9a 8d 40 b8 7e 61 04 3c 04 0a 40 af 7f 1d 31 ce 0a 7b 00 00 00 00 00 00 00 00 00 00 00 00 75 d2
89.727,223,94A662B29CAA6094A662B2A4AAE103F0CCFE82166A71A972FD000006010000000B5C010101004142C7246FC3FCF141E7333340A647AE3F8CCCCD40A651EC00000000411B2FE600006A0001C400000109DB3A6CC723BC32410EBC392C413973DB20BC42D140BC2EFC0545FA294CC73388D8445BB4AE46104224C73116C8441B8F00000000073F1F001E3F2A14AF3E6354713EB3F8BD3F1ACEEDBE0A8104BF48ED2BC110759F27C0643BC14C1C3CBB2F071941564EC16AD6AA57C095CF30E85CBC9540B8C268AAE18E7A40AEAF1B41C499A7000000000000000000000000EBAF,JS1YNU,JS1YRU,,3,240,207,cc fe 82 16 6a 71 a9 72 fd 00 00 06 01 00 00 00 0b 5c 01 01 01 00 41 42 c7 24 6f c3 fc f1 41 e7 33 33 40 a6 47 ae 3f 8c cc cd 40 a6 51 ec 00 00 00 00 41 1b 2f e6 00 00 6a 00 01 c4 00 00 01 09 db 3a 6c c7 23 bc 32 41 0e bc 39 2c 41 39 73 db 20 bc 42 d1 40 bc 2e fc 05 45 fa 29 4c c7 33 88 d8 44 5b b4 ae 46 10 42 24 c7 31 16 c8 44 1b 8f 00 00 00 00 07 3f 1f 00 1e 3f 2a 14 af 3e 63 54 71 3e b3 f8 bd 3f 1a ce ed be 0a 81 04 bf 48 ed 2b c1 10 75 9f 27 c0 64 3b c1 4c 1c 3c bb 2f 07 19 41 56 4e c1 6a d6 aa 57 c0 95 cf 30 e8 5c bc 95 40 b8 c2 68 aa e1 8e 7a 40 ae af 1b 41 c4 99 a7 00 00 00 00 00 00 00 00 00 00 00 00 eb af,JS1YRU>JS1YNU: cc fe 82 16 6a 71 a9 72 fd 00 00 06 01 00 00 00 0b 5c 01 01 01 00 41 42 c7 24 6f c3 fc f1 41 e7 33 33 40 a6 47 ae 3f 8c cc cd 40 a6 51 ec 00 00 00 00 41 1b 2f e6 00 00 6a 00 01 c4 00 00 01 09 db 3a 6c c7 23 bc 32 41 0e bc 39 2c 41 39 73 db 20 bc 42 d1 40 bc 2e fc 05 45 fa 29 4c c7 33 88 d8 44 5b b4 ae 46 10 42 24 c7 31 16 c8 44 1b 8f 00 00 00 00 07 3f 1f 00 1e 3f 2a 14 af 3e 63 54 71 3e b3 f8 bd 3f 1a ce ed be 0a 81 04 bf 48 ed 2b c1 10 75 9f 27 c0 64 3b c1 4c 1c 3c bb 2f 07 19 41 56 4e c1 6a d6 aa 57 c0 95 cf 30 e8 5c bc 95 40 b8 c2 68 aa e1 8e 7a 40 ae af 1b 41 c4 99 a7 00 00 00 00 00 00 00 00 00 00 00 00 eb af
91.577,223,94A662B29CAA6094A662B2A4AAE103F0CCFE82176A71A981FD000006010000000B5C010101004142C7246FC9C0B54203999A40A633333FA6666740A65C2900000000411B60F900006B0001C400000105E13B1EE23ABC07E581BC0F15E03B620FE6BC083ECCBBFDC5B04683FEE0C728CA2F45171FE7468D8AECC7276FFC452078A0000000073F144C3E3F3339E73E07377D3ECAC5603F04F439BD9BD98ABF59E5FFC111FE5C3500425DC14B5E9DF2367BE34156883520EB61C2C0959E5B8D8D26D640B90636ECEDCB1A40ADD84813EA1485000000000000000000000000703A,JS1YNU,JS1YRU,,3,240,207,cc fe 82 17 6a 71 a9 81 fd 00 00 06 01 00 00 00 0b 5c 01 01 01 00 41 42 c7 24 6f c9 c0 b5 42 03 99 9a 40 a6 33 33 3f a6 66 67 40 a6 5c 29 00 00 00 00 41 1b 60 f9 00 00 6b 00 01 c4 00 00 01 05 e1 3b 1e e2 3a bc 07 e5 81 bc 0f 15 e0 3b 62 0f e6 bc 08 3e cc bb fd c5 b0 46 83 fe e0 c7 28 ca 2f 45 17 1f e7 46 8d 8a ec c7 27 6f fc 45 20 78 a0 00 00 00 07 3f 14 4c 3e 3f 33 39 e7 3e 07 37 7d 3e ca c5 60 3f 04 f4 39 bd 9b d9 8a bf 59 e5 ff c1 11 fe 5c 35 00 42 5d c1 4b 5e 9d f2 36 7b e3 41 56 88 35 20 eb 61 c2 c0 95 9e 5b 8d 8d 26 d6 40 b9 06 36 ec ed cb 1a 40 ad d8 48 13 ea 14 85 00 00 00 00 00 00 00 00 00 00 00 00 70 3a,JS1YRU>JS1YNU: cc fe 82 17 6a 71 a9 81 fd 00 00 06 01 00 00 00 0b 5c 01 01 01 00 41 42 c7 24 6f c9 c0 b5 42 03 99 9a 40 a6 33 33 3f a6 66 67 40 a6 5c 29 00 00 00 00 41 1b 60 f9 00 00 6b 00 01 c4 00 00 01 05 e1 3b 1e e2 3a bc 07 e5 81 bc 0f 15 e0 3b 62 0f e6 bc 08 3e cc bb fd c5 b0 46 83 fe e0 c7 28 ca 2f 45 17 1f e7 46 8d 8a ec c7 27 6f fc 45 20 78 a0 00 00 00 07 3f 14 4c 3e 3f 33 39 e7 3e 07 37 7d 3e ca c5 60 3f 04 f4 39 bd 9b d9 8a bf 59 e5 ff c1 11 fe 5c 35 00 42 5d c1 4b 5e 9d f2 36 7b e3 41 56 88 35 20 eb 61 c2 c0 95 9e 5b 8d 8d 26 d6 40 b9 06 36 ec ed cb 1a 40 ad d8 48 13 ea 14 85 00 00 00 00 00 00 00 00 00 00 00 00 70 3a
93.431,223,94A662B29CAA6094A662B2A4AAE103F0CCFE82186A71A990FD000006010000000B5C010101004142C7246FCF5DA34204666740A63D713F99999A40A651EC00000000411B175D00006B0001C400000104E73B77B5D6BC0E2941BBDD26013BA9554ABC2AE908BBD696A846BEB1F0C71930F845616EE146C40F26C71633D845733FF8000000073F0B0E1D3F391D563D24818B3ED97FFB3ED8E0A0BD866B22BF674A0EC11377498A9BA72FC14AA49A6CE80AE84156BE7123E3EBB5C0956CDB8D45BCF040B9465104D1D36A40AD05BF4555EF6D000000000000000000000000E646,JS1YNU,JS1YRU,,3,240,207,cc fe 82 18 6a 71 a9 90 fd 00 00 06 01 00 00 00 0b 5c 01 01 01 00 41 42 c7 24 6f cf 5d a3 42 04 66 67 40 a6 3d 71 3f 99 99 9a 40 a6 51 ec 00 00 00 00 41 1b 17 5d 00 00 6b 00 01 c4 00 00 01 04 e7 3b 77 b5 d6 bc 0e 29 41 bb dd 26 01 3b a9 55 4a bc 2a e9 08 bb d6 96 a8 46 be b1 f0 c7 19 30 f8 45 61 6e e1 46 c4 0f 26 c7 16 33 d8 45 73 3f f8 00 00 00 07 3f 0b 0e 1d 3f 39 1d 56 3d 24 81 8b 3e d9 7f fb 3e d8 e0 a0 bd 86 6b 22 bf 67 4a 0e c1 13 77 49 8a 9b a7 2f c1 4a a4 9a 6c e8 0a e8 41 56 be 71 23 e3 eb b5 c0 95 6c db 8d 45 bc f0 40 b9 46 51 04 d1 d3 6a 40 ad 05 bf 45 55 ef 6d 00 00 00 00 00 00 00 00 00 00 00 00 e6 46,JS1YRU>JS1YNU: cc fe 82 18 6a 71 a9 90 fd 00 00 06 01 00 00 00 0b 5c 01 01 01 00 41 42 c7 24 6f cf 5d a3 42 04 66 67 40 a6 3d 71 3f 99 99 9a 40 a6 51 ec 00 00 00 00 41 1b 17 5d 00 00 6b 00 01 c4 00 00 01 04 e7 3b 77 b5 d6 bc 0e 29 41 bb dd 26 01 3b a9 55 4a bc 2a e9 08 bb d6 96 a8 46 be b1 f0 c7 19 30 f8 45 61 6e e1 46 c4 0f 26 c7 16 33 d8 45 73 3f f8 00 00 00 07 3f 0b 0e 1d 3f 39 1d 56 3d 24 81 8b 3e d9 7f fb 3e d8 e0 a0 bd 86 6b 22 bf 67 4a 0e c1 13 77 49 8a 9b a7 2f c1 4a a4 9a 6c e8 0a e8 41 56 be 71 23 e3 eb b5 c0 95 6c db 8d 45 bc f0 40 b9 46 51 04 d1 d3 6a 40 ad 05 bf 45 55 ef 6d 00 00 00 00 00 00 00 00 00 00 00 00 e6 46
95.277,223,94A662B29CAA6094A662B2A4AAE103F0CCFE82196A71A99FFD000006010000000B5C010101004142C7246FD521674204000040A647AE3FA6666740A647AE00000000411BC31E00006C0001C400000105ED3B8C4254BC12C873BB6967653B983B6DBC3C94EEBB41417246E5CCAAC70ADED645762D4846EABA58C70972DD457B02A8000000073F0540743F3A05CBBD2F5FEA3EE485453EA7388EBDC80E9FBF70AA65C114F7EB5617BF01C149E24D775E58614156F4EBF6711029C09537CA9774BC9540B986C9E3DEDE0440AC2A07D13F6DB9000000000000000000000000D34E,JS1YNU,JS1YRU,,3,240,207,cc fe 82 19 6a 71 a9 9f fd 00 00 06 01 00 00 00 0b 5c 01 01 01 00 41 42 c7 24 6f d5 21 67 42 04 00 00 40 a6 47 ae 3f a6 66 67 40 a6 47 ae 00 00 00 00 41 1b c3 1e 00 00 6c 00 01 c4 00 00 01 05 ed 3b 8c 42 54 bc 12 c8 73 bb 69 67 65 3b 98 3b 6d bc 3c 94 ee bb 41 41 72 46 e5 cc aa c7 0a de d6 45 76 2d 48 46 ea ba 58 c7 09 72 dd 45 7b 02 a8 00 00 00 07 3f 05 40 74 3f 3a 05 cb bd 2f 5f ea 3e e4 85 45 3e a7 38 8e bd c8 0e 9f bf 70 aa 65 c1 14 f7 eb 56 17 bf 01 c1 49 e2 4d 77 5e 58 61 41 56 f4 eb f6 71 10 29 c0 95 37 ca 97 74 bc 95 40 b9 86 c9 e3 de de 04 40 ac 2a 07 d1 3f 6d b9 00 00 00 00 00 00 00 00 00 00 00 00 d3 4e,JS1YRU>JS1YNU: cc fe 82 19 6a 71 a9 9f fd 00 00 06 01 00 00 00 0b 5c 01 01 01 00 41 42 c7 24 6f d5 21 67 42 04 00 00 40 a6 47 ae 3f a6 66 67 40 a6 47 ae 00 00 00 00 41 1b c3 1e 00 00 6c 00 01 c4 00 00 01 05 ed 3b 8c 42 54 bc 12 c8 73 bb 69 67 65 3b 98 3b 6d bc 3c 94 ee bb 41 41 72 46 e5 cc aa c7 0a de d6 45 76 2d 48 46 ea ba 58 c7 09 72 dd 45 7b 02 a8 00 00 00 07 3f 05 40 74 3f 3a 05 cb bd 2f 5f ea 3e e4 85 45 3e a7 38 8e bd c8 0e 9f bf 70 aa 65 c1 14 f7 eb 56 17 bf 01 c1 49 e2 4d 77 5e 58 61 41 56 f4 eb f6 71 10 29 c0 95 37 ca 97 74 bc 95 40 b9 86 c9 e3 de de 04 40 ac 2a 07 d1 3f 6d b9 00 00 00 00 00 00 00 00 00 00 00 00 d3 4e
97.127,223,94A662B29CAA6094A662B2A4AAE103F0CCFE821A6A71A9AEFD000006010000000B5C010101004142C7246FDABE5541E8CCCD40A651EC3FA6666740A647AE00000000411C3DCD00006C0001C400000109F33B8B63B4BBFAE01F3AB76F773BB28FE7BC0CA31A3B1355D046FE4A54C6FFDCDB45757D0046FE6114C6FC7DF34563BA98000000073F0383083F36ACE0BDEB48563EECB0593E6AD552BE253FD6BF75BA90C11668BC67117639C14923CF9AA6D9BB4157283D6EC96E66C09502354AE76D0440B9C39D5CCF747440AB52D0DAD666B7000000000000000000000000B1B9,JS1YNU,JS1YRU,,3,240,207,cc fe 82 1a 6a 71 a9 ae fd 00 00 06 01 00 00 00 0b 5c 01 01 01 00 41 42 c7 24 6f da be 55 41 e8 cc cd 40 a6 51 ec 3f a6 66 67 40 a6 47 ae 00 00 00 00 41 1c 3d cd 00 00 6c 00 01 c4 00 00 01 09 f3 3b 8b 63 b4 bb fa e0 1f 3a b7 6f 77 3b b2 8f e7 bc 0c a3 1a 3b 13 55 d0 46 fe 4a 54 c6 ff dc db 45 75 7d 00 46 fe 61 14 c6 fc 7d f3 45 63 ba 98 00 00 00 07 3f 03 83 08 3f 36 ac e0 bd eb 48 56 3e ec b0 59 3e 6a d5 52 be 25 3f d6 bf 75 ba 90 c1 16 68 bc 67 11 76 39 c1 49 23 cf 9a a6 d9 bb 41 57 28 3d 6e c9 6e 66 c0 95 02 35 4a e7 6d 04 40 b9 c3 9d 5c cf 74 74 40 ab 52 d0 da d6 66 b7 00 00 00 00 00 00 00 00 00 00 00 00 b1 b9,JS1YRU>JS1YNU: cc fe 82 1a 6a 71 a9 ae fd 00 00 06 01 00 00 00 0b 5c 01 01 01 00 41 42 c7 24 6f da be 55 41 e8 cc cd 40 a6 51 ec 3f a6 66 67 40 a6 47 ae 00 00 00 00 41 1c 3d cd 00 00 6c 00 01 c4 00 00 01 09 f3 3b 8b 63 b4 bb fa e0 1f 3a b7 6f 77 3b b2 8f e7 bc 0c a3 1a 3b 13 55 d0 46 fe 4a 54 c6 ff dc db 45 75 7d 00 46 fe 61 14 c6 fc 7d f3 45 63 ba 98 00 00 00 07 3f 03 83 08 3f 36 ac e0 bd eb 48 56 3e ec b0 59 3e 6a d5 52 be 25 3f d6 bf 75 ba 90 c1 16 68 bc 67 11 76 39 c1 49 23 cf 9a a6 d9 bb 41 57 28 3d 6e c9 6e 66 c0 95 02 35 4a e7 6d 04 40 b9 c3 9d 5c cf 74 74 40 ab 52 d0 da d6 66 b7 00 00 00 00 00 00 00 00 00 00 00 00 b1 b9
98.977,223,94A662B29CAA6094A662B2A4AAE103F0CCFE821B6A71A9E8FD000006010000000B5C010101004142C7246FE0821941E0000040A63D713F99999A40A651EC00000000411C629B00006C0001C4001AC40EF93B921E95BC034C333BB6BF773B8BA1E0BC0CD8783BD9D2974702479CC6FB0917455E2A384701E23CC6FA6C7E454219A0000000073F073F3A3F2E720CBE2FF9D13EF3F27E3E038591BE7C7DB9BF75E844C117DE4830E1A349C1485E74D8D6B7A841575B48870701E2C094C9365A1237A540BA0035E830DADE40AA740B908BB4BB0000000000000000000000000DEF,JS1YNU,JS1YRU,,3,240,207,cc fe 82 1b 6a 71 a9 e8 fd 00 00 06 01 00 00 00 0b 5c 01 01 01 00 41 42 c7 24 6f e0 82 19 41 e0 00 00 40 a6 3d 71 3f 99 99 9a 40 a6 51 ec 00 00 00 00 41 1c 62 9b 00 00 6c 00 01 c4 00 1a c4 0e f9 3b 92 1e 95 bc 03 4c 33 3b b6 bf 77 3b 8b a1 e0 bc 0c d8 78 3b d9 d2 97 47 02 47 9c c6 fb 09 17 45 5e 2a 38 47 01 e2 3c c6 fa 6c 7e 45 42 19 a0 00 00 00 07 3f 07 3f 3a 3f 2e 72 0c be 2f f9 d1 3e f3 f2 7e 3e 03 85 91 be 7c 7d b9 bf 75 e8 44 c1 17 de 48 30 e1 a3 49 c1 48 5e 74 d8 d6 b7 a8 41 57 5b 48 87 07 01 e2 c0 94 c9 36 5a 12 37 a5 40 ba 00 35 e8 30 da de 40 aa 74 0b 90 8b b4 bb 00 00 00 00 00 00 00 00 00 00 00 00 0d ef,JS1YRU>JS1YNU: cc fe 82 1b 6a 71 a9 e8 fd 00 00 06 01 00 00 00 0b 5c 01 01 01 00 41 42 c7 24 6f e0 82 19 41 e0 00 00 40 a6 3d 71 3f 99 99 9a 40 a6 51 ec 00 00 00 00 41 1c 62 9b 00 00 6c 00 01 c4 00 1a c4 0e f9 3b 92 1e 95 bc 03 4c 33 3b b6 bf 77 3b 8b a1 e0 bc 0c d8 78 3b d9 d2 97 47 02 47 9c c6 fb 09 17 45 5e 2a 38 47 01 e2 3c c6 fa 6c 7e 45 42 19 a0 00 00 00 07 3f 07 3f 3a 3f 2e 72 0c be 2f f9 d1 3e f3 f2 7e 3e 03 85 91 be 7c 7d b9 bf 75 e8 44 c1 17 de 48 30 e1 a3 49 c1 48 5e 74 d8 d6 b7 a8 41 57 5b 48 87 07 01 e2 c0 94 c9 36 5a 12 37 a5 40 ba 00 35 e8 30 da de 40 aa 74 0b 90 8b b4 bb 00 00 00 00 00 00 00 00 00 00 00 00 0d ef
100.827,223,94A662B29CAA6094A662B2A4AAE103F0CCFE821C6A71A9E8FD000006010000000B5C010101004142C7246FE61F0741DCCCCD40A651EC3FA6666740A647AE00000000411C629B00006C0001C4001AC413003B6A3F8BBC1032853C0AF9F13B8BB903BC0AB7003C1207DD46FE1DB3C7023C534515791B46FAE484C702BA2145138970000000073F0EBA3D3F214BB3BE5C4F0F3EFDE3E33B85440DBEA8D1DDBF71AE6FC119466238AA86A0C1479BAB9B1B713241578B9A46B64F5FC0948FA72A1330F840BA39A99A5F580C40A9985C47C3A64D000000000000000000000000A3DD,JS1YNU,JS1YRU,,3,240,207,cc fe 82 1c 6a 71 a9 e8 fd 00 00 06 01 00 00 00 0b 5c 01 01 01 00 41 42 c7 24 6f e6 1f 07 41 dc cc cd 40 a6 51 ec 3f a6 66 67 40 a6 47 ae 00 00 00 00 41 1c 62 9b 00 00 6c 00 01 c4 00 1a c4 13 00 3b 6a 3f 8b bc 10 32 85 3c 0a f9 f1 3b 8b b9 03 bc 0a b7 00 3c 12 07 dd 46 fe 1d b3 c7 02 3c 53 45 15 79 1b 46 fa e4 84 c7 02 ba 21 45 13 89 70 00 00 00 07 3f 0e ba 3d 3f 21 4b b3 be 5c 4f 0f 3e fd e3 e3 3b 85 44 0d be a8 d1 dd bf 71 ae 6f c1 19 46 62 38 aa 86 a0 c1 47 9b ab 9b 1b 71 32 41 57 8b 9a 46 b6 4f 5f c0 94 8f a7 2a 13 30 f8 40 ba 39 a9 9a 5f 58 0c 40 a9 98 5c 47 c3 a6 4d 00 00 00 00 00 00 00 00 00 00 00 00 a3 dd,JS1YRU>JS1YNU: cc fe 82 1c 6a 71 a9 e8 fd 00 00 06 01 00 00 00 0b 5c 01 01 01 00 41 42 c7 24 6f e6 1f 07 41 dc cc cd 40 a6 51 ec 3f a6 66 67 40 a6 47 ae 00 00 00 00 41 1c 62 9b 00 00 6c 00 01 c4 00 1a c4 13 00 3b 6a 3f 8b bc 10 32 85 3c 0a f9 f1 3b 8b b9 03 bc 0a b7 00 3c 12 07 dd 46 fe 1d b3 c7 02 3c 53 45 15 79 1b 46 fa e4 84 c7 02 ba 21 45 13 89 70 00 00 00 07 3f 0e ba 3d 3f 21 4b b3 be 5c 4f 0f 3e fd e3 e3 3b 85 44 0d be a8 d1 dd bf 71 ae 6f c1 19 46 62 38 aa 86 a0 c1 47 9b ab 9b 1b 71 32 41 57 8b 9a 46 b6 4f 5f c0 94 8f a7 2a 13 30 f8 40 ba 39 a9 9a 5f 58 0c 40 a9 98 5c 47 c3 a6 4d 00 00 00 00 00 00 00 00 00 00 00 00 a3 dd
102.677,223,94A662B29CAA6094A662B2A4AAE103F0CCFE821E6A71A9EAFD000006010000000B5C010101004142C7246FF17FB941DCCCCD40A651EC3F99999A40A65C2900000000411C9FF20000690001E3E4D9D919153AA9C299BC2EA38E3C82DC8F3AD28970BC38AF623C74495146BDD832C71F130F43D8BFBA46B48740C72167BC422B2400000000073F23A6C23EEC5D56BE80E2CD3F0FA577BEAB3E09BECD392FBF5A5918C11C0E232FE106DCC1460D59DB25356F4157E8429A07AD6DC094158ABAE01F8840BAA8239051087840A7D7B06E2238B60000000000000000000000008A70,JS1YNU,JS1YRU,,3,240,207,cc fe 82 1e 6a 71 a9 ea fd 00 00 06 01 00 00 00 0b 5c 01 01 01 00 41 42 c7 24 6f f1 7f b9 41 dc cc cd 40 a6 51 ec 3f 99 99 9a 40 a6 5c 29 00 00 00 00 41 1c 9f f2 00 00 69 00 01 e3 e4 d9 d9 19 15 3a a9 c2 99 bc 2e a3 8e 3c 82 dc 8f 3a d2 89 70 bc 38 af 62 3c 74 49 51 46 bd d8 32 c7 1f 13 0f 43 d8 bf ba 46 b4 87 40 c7 21 67 bc 42 2b 24 00 00 00 00 07 3f 23 a6 c2 3e ec 5d 56 be 80 e2 cd 3f 0f a5 77 be ab 3e 09 be cd 39 2f bf 5a 59 18 c1 1c 0e 23 2f e1 06 dc c1 46 0d 59 db 25 35 6f 41 57 e8 42 9a 07 ad 6d c0 94 15 8a ba e0 1f 88 40 ba a8 23 90 51 08 78 40 a7 d7 b0 6e 22 38 b6 00 00 00 00 00 00 00 00 00 00 00 00 8a 70,JS1YRU>JS1YNU: cc fe 82 1e 6a 71 a9 ea fd 00 00 06 01 00 00 00 0b 5c 01 01 01 00 41 42 c7 24 6f f1 7f b9 41 dc cc cd 40 a6 51 ec 3f 99 99 9a 40 a6 5c 29 00 00 00 00 41 1c 9f f2 00 00 69 00 01 e3 e4 d9 d9 19 15 3a a9 c2 99 bc 2e a3 8e 3c 82 dc 8f 3a d2 89 70 bc 38 af 62 3c 74 49 51 46 bd d8 32 c7 1f 13 0f 43 d8 bf ba 46 b4 87 40 c7 21 67 bc 42 2b 24 00 00 00 00 07 3f 23 a6 c2 3e ec 5d 56 be 80 e2 cd 3f 0f a5 77 be ab 3e 09 be cd 39 2f bf 5a 59 18 c1 1c 0e 23 2f e1 06 dc c1 46 0d 59 db 25 35 6f 41 57 e8 42 9a 07 ad 6d c0 94 15 8a ba e0 1f 88 40 ba a8 23 90 51 08 78 40 a7 d7 b0 6e 22 38 b6 00 00 00 00 00 00 00 00 00 00 00 00 8a 70
104.532,223,94A662B29CAA6094A662B2A4AAE103F0CCFE821F6A71A9F9FD000006010000000B5C010101004142C7246FF7437D41DE666740A647AE3FB3333340A670A400000000411CAC37000068000129D7CB0217223986D0BCBC2EB7E93C9677B2B9887F40BC47F0663C83F69F467C0664C7315A4FC44F8F574664919CC7345D16C458F200000000073F2D492C3EB037E4BE7784003F1AA5B9BF07BF79BEAAB65DBF478E7BC11D6E60FE287417C145411EF6053216415814ABBE7AC65FC093D4DDC02C32CF40BADD40164B805E40A6F1EBEAA502C30000000000000000000000005921,JS1YNU,JS1YRU,,3,240,207,cc fe 82 1f 6a 71 a9 f9 fd 00 00 06 01 00 00 00 0b 5c 01 01 01 00 41 42 c7 24 6f f7 43 7d 41 de 66 67 40 a6 47 ae 3f b3 33 33 40 a6 70 a4 00 00 00 00 41 1c ac 37 00 00 68 00 01 29 d7 cb 02 17 22 39 86 d0 bc bc 2e b7 e9 3c 96 77 b2 b9 88 7f 40 bc 47 f0 66 3c 83 f6 9f 46 7c 06 64 c7 31 5a 4f c4 4f 8f 57 46 64 91 9c c7 34 5d 16 c4 58 f2 00 00 00 00 07 3f 2d 49 2c 3e b0 37 e4 be 77 84 00 3f 1a a5 b9 bf 07 bf 79 be aa b6 5d bf 47 8e 7b c1 1d 6e 60 fe 28 74 17 c1 45 41 1e f6 05 32 16 41 58 14 ab be 7a c6 5f c0 93 d4 dd c0 2c 32 cf 40 ba dd 40 16 4b 80 5e 40 a6 f1 eb ea a5 02 c3 00 00 00 00 00 00 00 00 00 00 00 00 59 21,JS1YRU>JS1YNU: cc fe 82 1f 6a 71 a9 f9 fd 00 00 06 01 00 00 00 0b 5c 01 01 01 00 41 42 c7 24 6f f7 43 7d 41 de 66 67 40 a6 47 ae 3f b3 33 33 40 a6 70 a4 00 00 00 00 41 1c ac 37 00 00 68 00 01 29 d7 cb 02 17 22 39 86 d0 bc bc 2e b7 e9 3c 96 77 b2 b9 88 7f 40 bc 47 f0 66 3c 83 f6 9f 46 7c 06 64 c7 31 5a 4f c4 4f 8f 57 46 64 91 9c c7 34 5d 16 c4 58 f2 00 00 00 00 07 3f 2d 49 2c 3e b0 37 e4 be 77 84 00 3f 1a a5 b9 bf 07 bf 79 be aa b6 5d bf 47 8e 7b c1 1d 6e 60 fe 28 74 17 c1 45 41 1e f6 05 32 16 41 58 14 ab be 7a c6 5f c0 93 d4 dd c0 2c 32 cf 40 ba dd 40 16 4b 80 5e 40 a6 f1 eb ea a5 02 c3 00 00 00 00 00 00 00 00 00 00 00 00 59 21
106.677,223,94A662B29CAA6094A662B2A4AAE103F0CCFE82206A71AA08FD000006010000000B5C010101004142C7246FFCE06B41F2666740A651EC3F8CCCCD40A6666600000000411D4BB400006400010BF4C4010F2DBADFA38DBC26DFCA3CA3E3DDBB013742BC2109BA3CA8056245BD1576C73D4CCDC4BEE39F458492F8C73DD7C4C5066DA0000000073F32A2D33E5A8B64BE5BAF0A3F263437BF3347D7BE3F7501BF305C9DC11EC131AB450CF1C14477D54F7DD36B41583E74518B53E1C09393EFCE0B967840BB0F51477D947440A60FA2773C7B62000000000000000000000000EAF7,JS1YNU,JS1YRU,,3,240,207,cc fe 82 20 6a 71 aa 08 fd 00 00 06 01 00 00 00 0b 5c 01 01 01 00 41 42 c7 24 6f fc e0 6b 41 f2 66 67 40 a6 51 ec 3f 8c cc cd 40 a6 66 66 00 00 00 00 41 1d 4b b4 00 00 64 00 01 0b f4 c4 01 0f 2d ba df a3 8d bc 26 df ca 3c a3 e3 dd bb 01 37 42 bc 21 09 ba 3c a8 05 62 45 bd 15 76 c7 3d 4c cd c4 be e3 9f 45 84 92 f8 c7 3d d7 c4 c5 06 6d a0 00 00 00 07 3f 32 a2 d3 3e 5a 8b 64 be 5b af 0a 3f 26 34 37 bf 33 47 d7 be 3f 75 01 bf 30 5c 9d c1 1e c1 31 ab 45 0c f1 c1 44 77 d5 4f 7d d3 6b 41 58 3e 74 51 8b 53 e1 c0 93 93 ef ce 0b 96 78 40 bb 0f 51 47 7d 94 74 40 a6 0f a2 77 3c 7b 62 00 00 00 00 00 00 00 00 00 00 00 00 ea f7,JS1YRU>JS1YNU: cc fe 82 20 6a 71 aa 08 fd 00 00 06 01 00 00 00 0b 5c 01 01 01 00 41 42 c7 24 6f fc e0 6b 41 f2 66 67 40 a6 51 ec 3f 8c cc cd 40 a6 66 66 00 00 00 00 41 1d 4b b4 00 00 64 00 01 0b f4 c4 01 0f 2d ba df a3 8d bc 26 df ca 3c a3 e3 dd bb 01 37 42 bc 21 09 ba 3c a8 05 62 45 bd 15 76 c7 3d 4c cd c4 be e3 9f 45 84 92 f8 c7 3d d7 c4 c5 06 6d a0 00 00 00 07 3f 32 a2 d3 3e 5a 8b 64 be 5b af 0a 3f 26 34 37 bf 33 47 d7 be 3f 75 01 bf 30 5c 9d c1 1e c1 31 ab 45 0c f1 c1 44 77 d5 4f 7d d3 6b 41 58 3e 74 51 8b 53 e1 c0 93 93 ef ce 0b 96 78 40 bb 0f 51 47 7d 94 74 40 a6 0f a2 77 3c 7b 62 00 00 00 00 00 00 00 00 00 00 00 00 ea f7
108.527,223,94A662B29CAA6094A662B2A4AAE103F0CCFE82216A71AA17FD000006010000000B5C010101004142C7247002A42F4202666740A633333FA6666740A6666600000000411D3F6F01016200010D00C4EEFF37BB657131BC14AB803CA373D8BACC0EA0BC0DADA03C9C0B85C5B1BF6EC73F0180C52A5660C5E60634C73F64DBC5135CD0000000073F31E57F3D9E2F69BE3C25733F30E07BBF51E9CA3C39F7B5BF128186C1200B091F02C5A2C143A87E0F619963415867792EAF6C76C0934F99FBB70A5340BB40970CAEA79140A526BA50E24B5A0000000000000000000000007DCC,JS1YNU,JS1YRU,,3,240,207,cc fe 82 21 6a 71 aa 17 fd 00 00 06 01 00 00 00 0b 5c 01 01 01 00 41 42 c7 24 70 02 a4 2f 42 02 66 67 40 a6 33 33 3f a6 66 67 40 a6 66 66 00 00 00 00 41 1d 3f 6f 01 01 62 00 01 0d 00 c4 ee ff 37 bb 65 71 31 bc 14 ab 80 3c a3 73 d8 ba cc 0e a0 bc 0d ad a0 3c 9c 0b 85 c5 b1 bf 6e c7 3f 01 80 c5 2a 56 60 c5 e6 06 34 c7 3f 64 db c5 13 5c d0 00 00 00 07 3f 31 e5 7f 3d 9e 2f 69 be 3c 25 73 3f 30 e0 7b bf 51 e9 ca 3c 39 f7 b5 bf 12 81 86 c1 20 0b 09 1f 02 c5 a2 c1 43 a8 7e 0f 61 99 63 41 58 67 79 2e af 6c 76 c0 93 4f 99 fb b7 0a 53 40 bb 40 97 0c ae a7 91 40 a5 26 ba 50 e2 4b 5a 00 00 00 00 00 00 00 00 00 00 00 00 7d cc,JS1YRU>JS1YNU: cc fe 82 21 6a 71 aa 17 fd 00 00 06 01 00 00 00 0b 5c 01 01 01 00 41 42 c7 24 70 02 a4 2f 42 02 66 67 40 a6 33 33 3f a6 66 67 40 a6 66 66 00 00 00 00 41 1d 3f 6f 01 01 62 00 01 0d 00 c4 ee ff 37 bb 65 71 31 bc 14 ab 80 3c a3 73 d8 ba cc 0e a0 bc 0d ad a0 3c 9c 0b 85 c5 b1 bf 6e c7 3f 01 80 c5 2a 56 60 c5 e6 06 34 c7 3f 64 db c5 13 5c d0 00 00 00 07 3f 31 e5 7f 3d 9e 2f 69 be 3c 25 73 3f 30 e0 7b bf 51 e9 ca 3c 39 f7 b5 bf 12 81 86 c1 20 0b 09 1f 02 c5 a2 c1 43 a8 7e 0f 61 99 63 41 58 67 79 2e af 6c 76 c0 93 4f 99 fb b7 0a 53 40 bb 40 97 0c ae a7 91 40 a5 26 ba 50 e2 4b 5a 00 00 00 00 00 00 00 00 00 00 00 00 7d cc
110.376,223,94A662B29CAA6094A662B2A4AAE103F0CCFE82226A71AA26FD000006010000000B5C010101004142C7247008411D4201333340A647AE3F99999A40A651EC00000000411D57F801004B00010AFDCB02E63CBBC86CB4BC2548933C931075BB9C0FF6BC3B5CC43C934C1FC682710EC735678EC54FEE66C690AB4BC733D8B9C534FDD00000004D3F29398FBD83DF56BE16A63D3F3BA3DABF5DCA3D3E8691F8BED96BB6C120AE396EAD5FB9C142DD0B9C85620141588DC699EC1E14C0930B54012EEBBF40BB6EB63B867C2940A4425CBA500E1D00000000000000000000000077C8,JS1YNU,JS1YRU,,3,240,207,cc fe 82 22 6a 71 aa 26 fd 00 00 06 01 00 00 00 0b 5c 01 01 01 00 41 42 c7 24 70 08 41 1d 42 01 33 33 40 a6 47 ae 3f 99 99 9a 40 a6 51 ec 00 00 00 00 41 1d 57 f8 01 00 4b 00 01 0a fd cb 02 e6 3c bb c8 6c b4 bc 25 48 93 3c 93 10 75 bb 9c 0f f6 bc 3b 5c c4 3c 93 4c 1f c6 82 71 0e c7 35 67 8e c5 4f ee 66 c6 90 ab 4b c7 33 d8 b9 c5 34 fd d0 00 00 00 4d 3f 29 39 8f bd 83 df 56 be 16 a6 3d 3f 3b a3 da bf 5d ca 3d 3e 86 91 f8 be d9 6b b6 c1 20 ae 39 6e ad 5f b9 c1 42 dd 0b 9c 85 62 01 41 58 8d c6 99 ec 1e 14 c0 93 0b 54 01 2e eb bf 40 bb 6e b6 3b 86 7c 29 40 a4 42 5c ba 50 0e 1d 00 00 00 00 00 00 00 00 00 00 00 00 77 c8,JS1YRU>JS1YNU: cc fe 82 22 6a 71 aa 26 fd 00 00 06 01 00 00 00 0b 5c 01 01 01 00 41 42 c7 24 70 08 41 1d 42 01 33 33 40 a6 47 ae 3f 99 99 9a 40 a6 51 ec 00 00 00 00 41 1d 57 f8 01 00 4b 00 01 0a fd cb 02 e6 3c bb c8 6c b4 bc 25 48 93 3c 93 10 75 bb 9c 0f f6 bc 3b 5c c4 3c 93 4c 1f c6 82 71 0e c7 35 67 8e c5 4f ee 66 c6 90 ab 4b c7 33 d8 b9 c5 34 fd d0 00 00 00 4d 3f 29 39 8f bd 83 df 56 be 16 a6 3d 3f 3b a3 da bf 5d ca 3d 3e 86 91 f8 be d9 6b b6 c1 20 ae 39 6e ad 5f b9 c1 42 dd 0b 9c 85 62 01 41 58 8d c6 99 ec 1e 14 c0 93 0b 54 01 2e eb bf 40 bb 6e b6 3b 86 7c 29 40 a4 42 5c ba 50 0e 1d 00 00 00 00 00 00 00 00 00 00 00 00 77 c8
112.226,223,94A662B29CAA6094A662B2A4AAE103F0CCFE82236A71AA35FD000006010000000B5C010101004142C724700E04E14203999A40A633333FA6666740A65C2900000000411DF7756800020001E6EFE3E4C43CBBF39256BC0DE48A3C8D699DBC08D540BC0950003C874ECEC6CC15BEC724BEEBC552F178C6D759B6C7221839C5569ED0000000073F4065D8BCE984E4BCF4BE313F288B75BF5D18353ED7F91ABE8D4F45C1215232C8BF3E3BC1420B9D8158691D4158B33A7BA1AB7EC092C3AAC0D0E36340BB9BEF85B6902C40A3577497C286C900000000000000000000000064A6,JS1YNU,JS1YRU,,3,240,207,cc fe 82 23 6a 71 aa 35 fd 00 00 06 01 00 00 00 0b 5c 01 01 01 00 41 42 c7 24 70 0e 04 e1 42 03 99 9a 40 a6 33 33 3f a6 66 67 40 a6 5c 29 00 00 00 00 41 1d f7 75 68 00 02 00 01 e6 ef e3 e4 c4 3c bb f3 92 56 bc 0d e4 8a 3c 8d 69 9d bc 08 d5 40 bc 09 50 00 3c 87 4e ce c6 cc 15 be c7 24 be eb c5 52 f1 78 c6 d7 59 b6 c7 22 18 39 c5 56 9e d0 00 00 00 07 3f 40 65 d8 bc e9 84 e4 bc f4 be 31 3f 28 8b 75 bf 5d 18 35 3e d7 f9 1a be 8d 4f 45 c1 21 52 32 c8 bf 3e 3b c1 42 0b 9d 81 58 69 1d 41 58 b3 3a 7b a1 ab 7e c0 92 c3 aa c0 d0 e3 63 40 bb 9b ef 85 b6 90 2c 40 a3 57 74 97 c2 86 c9 00 00 00 00 00 00 00 00 00 00 00 00 64 a6,JS1YRU>JS1YNU: cc fe 82 23 6a 71 aa 35 fd 00 00 06 01 00 00 00 0b 5c 01 01 01 00 41 42 c7 24 70 0e 04 e1 42 03 99 9a 40 a6 33 33 3f a6 66 67 40 a6 5c 29 00 00 00 00 41 1d f7 75 68 00 02 00 01 e6 ef e3 e4 c4 3c bb f3 92 56 bc 0d e4 8a 3c 8d 69 9d bc 08 d5 40 bc 09 50 00 3c 87 4e ce c6 cc 15 be c7 24 be eb c5 52 f1 78 c6 d7 59 b6 c7 22 18 39 c5 56 9e d0 00 00 00 07 3f 40 65 d8 bc e9 84 e4 bc f4 be 31 3f 28 8b 75 bf 5d 18 35 3e d7 f9 1a be 8d 4f 45 c1 21 52 32 c8 bf 3e 3b c1 42 0b 9d 81 58 69 1d 41 58 b3 3a 7b a1 ab 7e c0 92 c3 aa c0 d0 e3 63 40 bb 9b ef 85 b6 90 2c 40 a3 57 74 97 c2 86 c9 00 00 00 00 00 00 00 00 00 00 00 00 64 a6
114.076,223,94A662B29CAA6094A662B2A4AAE103F0CCFE82246A71AA44FD000006010000000B5C010101004142C7247013A1CF4203999A40A647AE3F99999A40A6666600000000411E65DF6900010001DCF8E3E4EE1CBC139544BBFFBBD23C41B233BC0AD5DEBBFD364C3C55E78EC701267AC70F916DC56A6E60C705AA68C70AD3D6C57D6C40000000073F0FAF53BE8B3EDDBDF86FF23F45AF17BF4D2C1F3F161E32BDF0A78EC121F0064A99CDABC1413CB7CAF410344158D64D5FD628CAC0927BE8BC49EDE840BBC666F616935F40A26F8B7A51DB56000000000000000000000000FDF2,JS1YNU,JS1YRU,,3,240,207,cc fe 82 24 6a 71 aa 44 fd 00 00 06 01 00 00 00 0b 5c 01 01 01 00 41 42 c7 24 70 13 a1 cf 42 03 99 9a 40 a6 47 ae 3f 99 99 9a 40 a6 66 66 00 00 00 00 41 1e 65 df 69 00 01 00 01 dc f8 e3 e4 ee 1c bc 13 95 44 bb ff bb d2 3c 41 b2 33 bc 0a d5 de bb fd 36 4c 3c 55 e7 8e c7 01 26 7a c7 0f 91 6d c5 6a 6e 60 c7 05 aa 68 c7 0a d3 d6 c5 7d 6c 40 00 00 00 07 3f 0f af 53 be 8b 3e dd bd f8 6f f2 3f 45 af 17 bf 4d 2c 1f 3f 16 1e 32 bd f0 a7 8e c1 21 f0 06 4a 99 cd ab c1 41 3c b7 ca f4 10 34 41 58 d6 4d 5f d6 28 ca c0 92 7b e8 bc 49 ed e8 40 bb c6 66 f6 16 93 5f 40 a2 6f 8b 7a 51 db 56 00 00 00 00 00 00 00 00 00 00 00 00 fd f2,JS1YRU>JS1YNU: cc fe 82 24 6a 71 aa 44 fd 00 00 06 01 00 00 00 0b 5c 01 01 01 00 41 42 c7 24 70 13 a1 cf 42 03 99 9a 40 a6 47 ae 3f 99 99 9a 40 a6 66 66 00 00 00 00 41 1e 65 df 69 00 01 00 01 dc f8 e3 e4 ee 1c bc 13 95 44 bb ff bb d2 3c 41 b2 33 bc 0a d5 de bb fd 36 4c 3c 55 e7 8e c7 01 26 7a c7 0f 91 6d c5 6a 6e 60 c7 05 aa 68 c7 0a d3 d6 c5 7d 6c 40 00 00 00 07 3f 0f af 53 be 8b 3e dd bd f8 6f f2 3f 45 af 17 bf 4d 2c 1f 3f 16 1e 32 bd f0 a7 8e c1 21 f0 06 4a 99 cd ab c1 41 3c b7 ca f4 10 34 41 58 d6 4d 5f d6 28 ca c0 92 7b e8 bc 49 ed e8 40 bb c6 66 f6 16 93 5f 40 a2 6f 8b 7a 51 db 56 00 00 00 00 00 00 00 00 00 00 00 00 fd f2
115.931,223,94A662B29CAA6094A662B2A4AAE103F0CCFE82256A71AA53FD000006010000000B5C010101004142C7247019659341FD999A40A63D713FA6666740A6666600000000411E1C436800010001D7000001E31DBC14E108BBF7FD733C09E6D5BC0A7F4DBC07BA163BF03EC4C7130DBFC6FB3AA7C5671DEAC7146775C6F6A1D2C57AD600000000073F02A1E6BEAB4934BDF74EC63F487397BF3E6A913F2B14F83C3BF620C1228E61EE22F976C14067E0C58122DD4158F86B6624F14AC09230BC3BFAE15840BBEFD917241ABF40A18124EA13BFA90000000000000000000000003F19,JS1YNU,JS1YRU,,3,240,207,cc fe 82 25 6a 71 aa 53 fd 00 00 06 01 00 00 00 0b 5c 01 01 01 00 41 42 c7 24 70 19 65 93 41 fd 99 9a 40 a6 3d 71 3f a6 66 67 40 a6 66 66 00 00 00 00 41 1e 1c 43 68 00 01 00 01 d7 00 00 01 e3 1d bc 14 e1 08 bb f7 fd 73 3c 09 e6 d5 bc 0a 7f 4d bc 07 ba 16 3b f0 3e c4 c7 13 0d bf c6 fb 3a a7 c5 67 1d ea c7 14 67 75 c6 f6 a1 d2 c5 7a d6 00 00 00 00 07 3f 02 a1 e6 be ab 49 34 bd f7 4e c6 3f 48 73 97 bf 3e 6a 91 3f 2b 14 f8 3c 3b f6 20 c1 22 8e 61 ee 22 f9 76 c1 40 67 e0 c5 81 22 dd 41 58 f8 6b 66 24 f1 4a c0 92 30 bc 3b fa e1 58 40 bb ef d9 17 24 1a bf 40 a1 81 24 ea 13 bf a9 00 00 00 00 00 00 00 00 00 00 00 00 3f 19,JS1YRU>JS1YNU: cc fe 82 25 6a 71 aa 53 fd 00 00 06 01 00 00 00 0b 5c 01 01 01 00 41 42 c7 24 70 19 65 93 41 fd 99 9a 40 a6 3d 71 3f a6 66 67 40 a6 66 66 00 00 00 00 41 1e 1c 43 68 00 01 00 01 d7 00 00 01 e3 1d bc 14 e1 08 bb f7 fd 73 3c 09 e6 d5 bc 0a 7f 4d bc 07 ba 16 3b f0 3e c4 c7 13 0d bf c6 fb 3a a7 c5 67 1d ea c7 14 67 75 c6 f6 a1 d2 c5 7a d6 00 00 00 00 07 3f 02 a1 e6 be ab 49 34 bd f7 4e c6 3f 48 73 97 bf 3e 6a 91 3f 2b 14 f8 3c 3b f6 20 c1 22 8e 61 ee 22 f9 76 c1 40 67 e0 c5 81 22 dd 41 58 f8 6b 66 24 f1 4a c0 92 30 bc 3b fa e1 58 40 bb ef d9 17 24 1a bf 40 a1 81 24 ea 13 bf a9 00 00 00 00 00 00 00 00 00 00 00 00 3f 19
117.826,223,94A662B29CAA6094A662B2A4AAE103F0CCFE82266A71AA62FD000006010000000B5C010101004142C724701F028141DB333340A651EC3F8CCCCD40A651EC00000000411EF9176800010001D40ACB02DC24BC0E6449BBFE02053B9B9668BC0ECB9FBBF9C7D83B903B57C71D83C1C6EBB85BC57493BCC71E1241C6E87FDEC58A5A28000000073EEE07F3BEBF0795BE0CCB003F4A81F0BF348D6A3F32967F3E0131F2C123259650089882C13F2E986A0DC3B6415917F5212DD563C091E5F1171B6A7D40BC164B7D59754840A097ABD3B1272E000000000000000000000000E4C7,JS1YNU,JS1YRU,,3,240,207,cc fe 82 26 6a 71 aa 62 fd 00 00 06 01 00 00 00 0b 5c 01 01 01 00 41 42 c7 24 70 1f 02 81 41 db 33 33 40 a6 51 ec 3f 8c cc cd 40 a6 51 ec 00 00 00 00 41 1e f9 17 68 00 01 00 01 d4 0a cb 02 dc 24 bc 0e 64 49 bb fe 02 05 3b 9b 96 68 bc 0e cb 9f bb f9 c7 d8 3b 90 3b 57 c7 1d 83 c1 c6 eb b8 5b c5 74 93 bc c7 1e 12 41 c6 e8 7f de c5 8a 5a 28 00 00 00 07 3e ee 07 f3 be bf 07 95 be 0c cb 00 3f 4a 81 f0 bf 34 8d 6a 3f 32 96 7f 3e 01 31 f2 c1 23 25 96 50 08 98 82 c1 3f 2e 98 6a 0d c3 b6 41 59 17 f5 21 2d d5 63 c0 91 e5 f1 17 1b 6a 7d 40 bc 16 4b 7d 59 75 48 40 a0 97 ab d3 b1 27 2e 00 00 00 00 00 00 00 00 00 00 00 00 e4 c7,JS1YRU>JS1YNU: cc fe 82 26 6a 71 aa 62 fd 00 00 06 01 00 00 00 0b 5c 01 01 01 00 41 42 c7 24 70 1f 02 81 41 db 33 33 40 a6 51 ec 3f 8c cc cd 40 a6 51 ec 00 00 00 00 41 1e f9 17 68 00 01 00 01 d4 0a cb 02 dc 24 bc 0e 64 49 bb fe 02 05 3b 9b 96 68 bc 0e cb 9f bb f9 c7 d8 3b 90 3b 57 c7 1d 83 c1 c6 eb b8 5b c5 74 93 bc c7 1e 12 41 c6 e8 7f de c5 8a 5a 28 00 00 00 07 3e ee 07 f3 be bf 07 95 be 0c cb 00 3f 4a 81 f0 bf 34 8d 6a 3f 32 96 7f 3e 01 31 f2 c1 23 25 96 50 08 98 82 c1 3f 2e 98 6a 0d c3 b6 41 59 17 f5 21 2d d5 63 c0 91 e5 f1 17 1b 6a 7d 40 bc 16 4b 7d 59 75 48 40 a0 97 ab d3 b1 27 2e 00 00 00 00 00 00 00 00 00 00 00 00 e4 c7
119.676,223,94A662B29CAA6094A662B2A4AAE103F0CCFE82276A71AA9CFD000006010000000B5C010101004142C7247024C64541DCCCCD40A65C293F8CCCCD40A670A400000000411FB11D6800010001D512CB02E31DBC089175BBE62EBB395467A2BBE44BBCBBE8F09C3A30F8C8C718E89AC6D38256C58565C7C7171928C6D27055C5731350000000073EDAC5C2BEC504FEBE3526283F4C7D0EBF35C6B63F2A44293E6CBD08C123BE0CBBB80101C13D7E8F5495E9B4415936AD03F89363C09197696E153CC440BC3BE1D63A9F7D409F4C0E49A71BDB00000000000000000000000022AE,JS1YNU,JS1YRU,,3,240,207,cc fe 82 27 6a 71 aa 9c fd 00 00 06 01 00 00 00 0b 5c 01 01 01 00 41 42 c7 24 70 24 c6 45 41 dc cc cd 40 a6 5c 29 3f 8c cc cd 40 a6 70 a4 00 00 00 00 41 1f b1 1d 68 00 01 00 01 d5 12 cb 02 e3 1d bc 08 91 75 bb e6 2e bb 39 54 67 a2 bb e4 4b bc bb e8 f0 9c 3a 30 f8 c8 c7 18 e8 9a c6 d3 82 56 c5 85 65 c7 c7 17 19 28 c6 d2 70 55 c5 73 13 50 00 00 00 07 3e da c5 c2 be c5 04 fe be 35 26 28 3f 4c 7d 0e bf 35 c6 b6 3f 2a 44 29 3e 6c bd 08 c1 23 be 0c bb b8 01 01 c1 3d 7e 8f 54 95 e9 b4 41 59 36 ad 03 f8 93 63 c0 91 97 69 6e 15 3c c4 40 bc 3b e1 d6 3a 9f 7d 40 9f 4c 0e 49 a7 1b db 00 00 00 00 00 00 00 00 00 00 00 00 22 ae,JS1YRU>JS1YNU: cc fe 82 27 6a 71 aa 9c fd 00 00 06 01 00 00 00 0b 5c 01 01 01 00 41 42 c7 24 70 24 c6 45 41 dc cc cd 40 a6 5c 29 3f 8c cc cd 40 a6 70 a4 00 00 00 00 41 1f b1 1d 68 00 01 00 01 d5 12 cb 02 e3 1d bc 08 91 75 bb e6 2e bb 39 54 67 a2 bb e4 4b bc bb e8 f0 9c 3a 30 f8 c8 c7 18 e8 9a c6 d3 82 56 c5 85 65 c7 c7 17 19 28 c6 d2 70 55 c5 73 13 50 00 00 00 07 3e da c5 c2 be c5 04 fe be 35 26 28 3f 4c 7d 0e bf 35 c6 b6 3f 2a 44 29 3e 6c bd 08 c1 23 be 0c bb b8 01 01 c1 3d 7e 8f 54 95 e9 b4 41 59 36 ad 03 f8 93 63 c0 91 97 69 6e 15 3c c4 40 bc 3b e1 d6 3a 9f 7d 40 9f 4c 0e 49 a7 1b db 00 00 00 00 00 00 00 00 00 00 00 00 22 ae
123.376,223,94A662B29CAA6094A662B2A4AAE103F0CCFE822A6A71AA9EFD000006010000000B5C010101004142C7247035C3E54204000040A651EC3F99999A40A647AE000000004121CCEB6A03000001EB17DB09EB15BBDE8757BC059265BC3B7948BBD52130BC04F090BC27AF3EC6D94E84C71055AEC5994375C6D1F650C712ED8AC599DF88000000073EE5E580BEABBEAEBEB664513F3F652DBF5D81963EADF53C3EBCBD5EC1256A476A645C5AC1387E24B759484E41598660E99BC957C090A79D645F196340BC9E53915FBCCA4099B59E6642E35300000000000000000000000037F6,JS1YNU,JS1YRU,,3,240,207,cc fe 82 2a 6a 71 aa 9e fd 00 00 06 01 00 00 00 0b 5c 01 01 01 00 41 42 c7 24 70 35 c3 e5 42 04 00 00 40 a6 51 ec 3f 99 99 9a 40 a6 47 ae 00 00 00 00 41 21 cc eb 6a 03 00 00 01 eb 17 db 09 eb 15 bb de 87 57 bc 05 92 65 bc 3b 79 48 bb d5 21 30 bc 04 f0 90 bc 27 af 3e c6 d9 4e 84 c7 10 55 ae c5 99 43 75 c6 d1 f6 50 c7 12 ed 8a c5 99 df 88 00 00 00 07 3e e5 e5 80 be ab be ae be b6 64 51 3f 3f 65 2d bf 5d 81 96 3e ad f5 3c 3e bc bd 5e c1 25 6a 47 6a 64 5c 5a c1 38 7e 24 b7 59 48 4e 41 59 86 60 e9 9b c9 57 c0 90 a7 9d 64 5f 19 63 40 bc 9e 53 91 5f bc ca 40 99 b5 9e 66 42 e3 53 00 00 00 00 00 00 00 00 00 00 00 00 37 f6,JS1YRU>JS1YNU: cc fe 82 2a 6a 71 aa 9e fd 00 00 06 01 00 00 00 0b 5c 01 01 01 00 41 42 c7 24 70 35 c3 e5 42 04 00 00 40 a6 51 ec 3f 99 99 9a 40 a6 47 ae 00 00 00 00 41 21 cc eb 6a 03 00 00 01 eb 17 db 09 eb 15 bb de 87 57 bc 05 92 65 bc 3b 79 48 bb d5 21 30 bc 04 f0 90 bc 27 af 3e c6 d9 4e 84 c7 10 55 ae c5 99 43 75 c6 d1 f6 50 c7 12 ed 8a c5 99 df 88 00 00 00 07 3e e5 e5 80 be ab be ae be b6 64 51 3f 3f 65 2d bf 5d 81 96 3e ad f5 3c 3e bc bd 5e c1 25 6a 47 6a 64 5c 5a c1 38 7e 24 b7 59 48 4e 41 59 86 60 e9 9b c9 57 c0 90 a7 9d 64 5f 19 63 40 bc 9e 53 91 5f bc ca 40 99 b5 9e 66 42 e3 53 00 00 00 00 00 00 00 00 00 00 00 00 37 f6
125.23,223,94A662B29CAA6094A662B2A4AAE103F0CCFE822B6A71AAADFD000006010000000B5C010101004142C724703B87A941FCCCCD40A651EC3F99999A40A651EC00000000412216876607000001F919E500F40BBB95A077BC0BB70FBC5BE9DEBB81A45ABBF4AB80BC81A657C69A2E91C722FD54C5B2A557C68F1597C725E2E4C5BB8088000000073EE65CBBBE968A73BEF0A9943F333B60BF65D0EF3DEE5E7C3ED98E85C125F55F3F4D7B4DC136C5EA8C6C2B7641599DF59FB344F5C0905324CFF0FFB240BCBBCAB4F246FE4097CA658CA695C9000000000000000000000000BCF3,JS1YNU,JS1YRU,,3,240,207,cc fe 82 2b 6a 71 aa ad fd 00 00 06 01 00 00 00 0b 5c 01 01 01 00 41 42 c7 24 70 3b 87 a9 41 fc cc cd 40 a6 51 ec 3f 99 99 9a 40 a6 51 ec 00 00 00 00 41 22 16 87 66 07 00 00 01 f9 19 e5 00 f4 0b bb 95 a0 77 bc 0b b7 0f bc 5b e9 de bb 81 a4 5a bb f4 ab 80 bc 81 a6 57 c6 9a 2e 91 c7 22 fd 54 c5 b2 a5 57 c6 8f 15 97 c7 25 e2 e4 c5 bb 80 88 00 00 00 07 3e e6 5c bb be 96 8a 73 be f0 a9 94 3f 33 3b 60 bf 65 d0 ef 3d ee 5e 7c 3e d9 8e 85 c1 25 f5 5f 3f 4d 7b 4d c1 36 c5 ea 8c 6c 2b 76 41 59 9d f5 9f b3 44 f5 c0 90 53 24 cf f0 ff b2 40 bc bb ca b4 f2 46 fe 40 97 ca 65 8c a6 95 c9 00 00 00 00 00 00 00 00 00 00 00 00 bc f3,JS1YRU>JS1YNU: cc fe 82 2b 6a 71 aa ad fd 00 00 06 01 00 00 00 0b 5c 01 01 01 00 41 42 c7 24 70 3b 87 a9 41 fc cc cd 40 a6 51 ec 3f 99 99 9a 40 a6 51 ec 00 00 00 00 41 22 16 87 66 07 00 00 01 f9 19 e5 00 f4 0b bb 95 a0 77 bc 0b b7 0f bc 5b e9 de bb 81 a4 5a bb f4 ab 80 bc 81 a6 57 c6 9a 2e 91 c7 22 fd 54 c5 b2 a5 57 c6 8f 15 97 c7 25 e2 e4 c5 bb 80 88 00 00 00 07 3e e6 5c bb be 96 8a 73 be f0 a9 94 3f 33 3b 60 bf 65 d0 ef 3d ee 5e 7c 3e d9 8e 85 c1 25 f5 5f 3f 4d 7b 4d c1 36 c5 ea 8c 6c 2b 76 41 59 9d f5 9f b3 44 f5 c0 90 53 24 cf f0 ff b2 40 bc bb ca b4 f2 46 fe 40 97 ca 65 8c a6 95 c9 00 00 00 00 00 00 00 00 00 00 00 00 bc f3
127.371,223,94A662B29CAA6094A662B2A4AAE103F0CCFE822C6A71AABCFD000006010000000B5C010101004142C7247041249741DCCCCD40A651EC3F99999A40A65C29000000004122A9BF590B000001061AE9FBFF00BB5EECB7BC1BBD66BC8A2825BB4E2D5ABC2A906CBC8EB9A6C61125A8C72F4AE6C5C8528AC5F02AB8C72F89B0C5C72490000000073EF6ADBDBE72C97ABF0D963F3F23126DBF62E4CABDD296D73EE730E1C12679186FA7D175C13518D2D29305AF4159B319DEDF3912C08FFF5CE4E69C4140BCD6673C02B1994095EBE40A8B33A0000000000000000000000000A8FE,JS1YNU,JS1YRU,,3,240,207,cc fe 82 2c 6a 71 aa bc fd 00 00 06 01 00 00 00 0b 5c 01 01 01 00 41 42 c7 24 70 41 24 97 41 dc cc cd 40 a6 51 ec 3f 99 99 9a 40 a6 5c 29 00 00 00 00 41 22 a9 bf 59 0b 00 00 01 06 1a e9 fb ff 00 bb 5e ec b7 bc 1b bd 66 bc 8a 28 25 bb 4e 2d 5a bc 2a 90 6c bc 8e b9 a6 c6 11 25 a8 c7 2f 4a e6 c5 c8 52 8a c5 f0 2a b8 c7 2f 89 b0 c5 c7 24 90 00 00 00 07 3e f6 ad bd be 72 c9 7a bf 0d 96 3f 3f 23 12 6d bf 62 e4 ca bd d2 96 d7 3e e7 30 e1 c1 26 79 18 6f a7 d1 75 c1 35 18 d2 d2 93 05 af 41 59 b3 19 de df 39 12 c0 8f ff 5c e4 e6 9c 41 40 bc d6 67 3c 02 b1 99 40 95 eb e4 0a 8b 33 a0 00 00 00 00 00 00 00 00 00 00 00 00 a8 fe,JS1YRU>JS1YNU: cc fe 82 2c 6a 71 aa bc fd 00 00 06 01 00 00 00 0b 5c 01 01 01 00 41 42 c7 24 70 41 24 97 41 dc cc cd 40 a6 51 ec 3f 99 99 9a 40 a6 5c 29 00 00 00 00 41 22 a9 bf 59 0b 00 00 01 06 1a e9 fb ff 00 bb 5e ec b7 bc 1b bd 66 bc 8a 28 25 bb 4e 2d 5a bc 2a 90 6c bc 8e b9 a6 c6 11 25 a8 c7 2f 4a e6 c5 c8 52 8a c5 f0 2a b8 c7 2f 89 b0 c5 c7 24 90 00 00 00 07 3e f6 ad bd be 72 c9 7a bf 0d 96 3f 3f 23 12 6d bf 62 e4 ca bd d2 96 d7 3e e7 30 e1 c1 26 79 18 6f a7 d1 75 c1 35 18 d2 d2 93 05 af 41 59 b3 19 de df 39 12 c0 8f ff 5c e4 e6 9c 41 40 bc d6 67 3c 02 b1 99 40 95 eb e4 0a 8b 33 a0 00 00 00 00 00 00 00 00 00 00 00 00 a8 fe
129.221,223,94A662B29CAA6094A662B2A4AAE103F0CCFE822D6A71AACBFD000006010000000B5C010101004142C7247046E85B41DE666740A670A43FA6666740A666660000000041230BE446150000010E1CEEECFF00BA4DC7B2BC183F0DBC80BAFBBAB8FA50BC2A9D9EBC71C84844ED2279C7321CD9C5DCF513455B81A0C73116C8C5F31E80000000433EEF096DBE8148EFBF2323D03F0F0821BF485B26BE7226253F13681BC126FCCB47C4C41FC1335ED4333564624159C6FFB78FB03AC08F5152242DF01C40BCEFA94B17D7B94093FF484742AF40000000000000000000000000391D,JS1YNU,JS1YRU,,3,240,207,cc fe 82 2d 6a 71 aa cb fd 00 00 06 01 00 00 00 0b 5c 01 01 01 00 41 42 c7 24 70 46 e8 5b 41 de 66 67 40 a6 70 a4 3f a6 66 67 40 a6 66 66 00 00 00 00 41 23 0b e4 46 15 00 00 01 0e 1c ee ec ff 00 ba 4d c7 b2 bc 18 3f 0d bc 80 ba fb ba b8 fa 50 bc 2a 9d 9e bc 71 c8 48 44 ed 22 79 c7 32 1c d9 c5 dc f5 13 45 5b 81 a0 c7 31 16 c8 c5 f3 1e 80 00 00 00 43 3e ef 09 6d be 81 48 ef bf 23 23 d0 3f 0f 08 21 bf 48 5b 26 be 72 26 25 3f 13 68 1b c1 26 fc cb 47 c4 c4 1f c1 33 5e d4 33 35 64 62 41 59 c6 ff b7 8f b0 3a c0 8f 51 52 24 2d f0 1c 40 bc ef a9 4b 17 d7 b9 40 93 ff 48 47 42 af 40 00 00 00 00 00 00 00 00 00 00 00 00 39 1d,JS1YRU>JS1YNU: cc fe 82 2d 6a 71 aa cb fd 00 00 06 01 00 00 00 0b 5c 01 01 01 00 41 42 c7 24 70 46 e8 5b 41 de 66 67 40 a6 70 a4 3f a6 66 67 40 a6 66 66 00 00 00 00 41 23 0b e4 46 15 00 00 01 0e 1c ee ec ff 00 ba 4d c7 b2 bc 18 3f 0d bc 80 ba fb ba b8 fa 50 bc 2a 9d 9e bc 71 c8 48 44 ed 22 79 c7 32 1c d9 c5 dc f5 13 45 5b 81 a0 c7 31 16 c8 c5 f3 1e 80 00 00 00 43 3e ef 09 6d be 81 48 ef bf 23 23 d0 3f 0f 08 21 bf 48 5b 26 be 72 26 25 3f 13 68 1b c1 26 fc cb 47 c4 c4 1f c1 33 5e d4 33 35 64 62 41 59 c6 ff b7 8f b0 3a c0 8f 51 52 24 2d f0 1c 40 bc ef a9 4b 17 d7 b9 40 93 ff 48 47 42 af 40 00 00 00 00 00 00 00 00 00 00 00 00 39 1d
132.921,223,94A662B29CAA6094A662B2A4AAE103F0CCFE822F6A71AAE9FD000006010000000B5C010101004142C7247052490D41F8000040A666663FB3333340A651EC000000004123869305140100010DD404F505EB3B196D9BBBE46BB6BC5032513B572CA6BBCF1410BC41A26746A57928C7191FC3C60FB2EA46ADDF4AC716E455C6174EE40000016F3EDD6075BE621983BF4B34393EBB9618BEE49980BEFE92023F3E726CC127F6A9565AAE4DC12FE07C06B5D3D14159E8F6BAA5FDCBC08DF1B44EDEF21C40BD1B75DB81D65840902CE4A6848A43000000000000000000000000E68A,JS1YNU,JS1YRU,,3,240,207,cc fe 82 2f 6a 71 aa e9 fd 00 00 06 01 00 00 00 0b 5c 01 01 01 00 41 42 c7 24 70 52 49 0d 41 f8 00 00 40 a6 66 66 3f b3 33 33 40 a6 51 ec 00 00 00 00 41 23 86 93 05 14 01 00 01 0d d4 04 f5 05 eb 3b 19 6d 9b bb e4 6b b6 bc 50 32 51 3b 57 2c a6 bb cf 14 10 bc 41 a2 67 46 a5 79 28 c7 19 1f c3 c6 0f b2 ea 46 ad df 4a c7 16 e4 55 c6 17 4e e4 00 00 01 6f 3e dd 60 75 be 62 19 83 bf 4b 34 39 3e bb 96 18 be e4 99 80 be fe 92 02 3f 3e 72 6c c1 27 f6 a9 56 5a ae 4d c1 2f e0 7c 06 b5 d3 d1 41 59 e8 f6 ba a5 fd cb c0 8d f1 b4 4e de f2 1c 40 bd 1b 75 db 81 d6 58 40 90 2c e4 a6 84 8a 43 00 00 00 00 00 00 00 00 00 00 00 00 e6 8a,JS1YRU>JS1YNU: cc fe 82 2f 6a 71 aa e9 fd 00 00 06 01 00 00 00 0b 5c 01 01 01 00 41 42 c7 24 70 52 49 0d 41 f8 00 00 40 a6 66 66 3f b3 33 33 40 a6 51 ec 00 00 00 00 41 23 86 93 05 14 01 00 01 0d d4 04 f5 05 eb 3b 19 6d 9b bb e4 6b b6 bc 50 32 51 3b 57 2c a6 bb cf 14 10 bc 41 a2 67 46 a5 79 28 c7 19 1f c3 c6 0f b2 ea 46 ad df 4a c7 16 e4 55 c6 17 4e e4 00 00 01 6f 3e dd 60 75 be 62 19 83 bf 4b 34 39 3e bb 96 18 be e4 99 80 be fe 92 02 3f 3e 72 6c c1 27 f6 a9 56 5a ae 4d c1 2f e0 7c 06 b5 d3 d1 41 59 e8 f6 ba a5 fd cb c0 8d f1 b4 4e de f2 1c 40 bd 1b 75 db 81 d6 58 40 90 2c e4 a6 84 8a 43 00 00 00 00 00 00 00 00 00 00 00 00 e6 8a
134.77,223,94A662B29CAA6094A662B2A4AAE103F0CCFE82306A71AAF8FD000006010000000B5C010101004142C7247057E5FB4200666740A647AE3FA6666740A666660000000041242610040C0100010CD00EF505EB3B815592BC060A1DBC1B09723B68A326BBCF1410BBFBEE7446D6641EC7071206C61BC56C46DC7700C703EEFAC619E520000002053ED2606ABE64D32CBF5701403E8D0582BE8A70A2BF056FFE3F4F37A5C1286CECACA5CBDFC12C77E8A45622D24159F719E31E996FC08D4061395887ED40BD2E14F5D2F5CA408C8EDC1A970EA0000000000000000000000000DA9D,JS1YNU,JS1YRU,,3,240,207,cc fe 82 30 6a 71 aa f8 fd 00 00 06 01 00 00 00 0b 5c 01 01 01 00 41 42 c7 24 70 57 e5 fb 42 00 66 67 40 a6 47 ae 3f a6 66 67 40 a6 66 66 00 00 00 00 41 24 26 10 04 0c 01 00 01 0c d0 0e f5 05 eb 3b 81 55 92 bc 06 0a 1d bc 1b 09 72 3b 68 a3 26 bb cf 14 10 bb fb ee 74 46 d6 64 1e c7 07 12 06 c6 1b c5 6c 46 dc 77 00 c7 03 ee fa c6 19 e5 20 00 00 02 05 3e d2 60 6a be 64 d3 2c bf 57 01 40 3e 8d 05 82 be 8a 70 a2 bf 05 6f fe 3f 4f 37 a5 c1 28 6c ec ac a5 cb df c1 2c 77 e8 a4 56 22 d2 41 59 f7 19 e3 1e 99 6f c0 8d 40 61 39 58 87 ed 40 bd 2e 14 f5 d2 f5 ca 40 8c 8e dc 1a 97 0e a0 00 00 00 00 00 00 00 00 00 00 00 00 da 9d,JS1YRU>JS1YNU: cc fe 82 30 6a 71 aa f8 fd 00 00 06 01 00 00 00 0b 5c 01 01 01 00 41 42 c7 24 70 57 e5 fb 42 00 66 67 40 a6 47 ae 3f a6 66 67 40 a6 66 66 00 00 00 00 41 24 26 10 04 0c 01 00 01 0c d0 0e f5 05 eb 3b 81 55 92 bc 06 0a 1d bc 1b 09 72 3b 68 a3 26 bb cf 14 10 bb fb ee 74 46 d6 64 1e c7 07 12 06 c6 1b c5 6c 46 dc 77 00 c7 03 ee fa c6 19 e5 20 00 00 02 05 3e d2 60 6a be 64 d3 2c bf 57 01 40 3e 8d 05 82 be 8a 70 a2 bf 05 6f fe 3f 4f 37 a5 c1 28 6c ec ac a5 cb df c1 2c 77 e8 a4 56 22 d2 41 59 f7 19 e3 1e 99 6f c0 8d 40 61 39 58 87 ed 40 bd 2e 14 f5 d2 f5 ca 40 8c 8e dc 1a 97 0e a0 00 00 00 00 00 00 00 00 00 00 00 00 da 9d
136.624,223,94A662B29CAA6094A662B2A4AAE103F0CCFE82316A71AB07FD000006010000000B5C010101004142C724705DA9BF4200000040A65C293FB3333340A666660000000041245722050A010001FFD212FA04E13B97B760BBD1605EBB9DF16D3B9BD58DBBC69AA0BBB1A8E846F2539EC6F2FAE0C62266D546F3EB6CC6F01535C62779D40000029B3EC6D75EBE763CC1BF5DC9023E4ED12BBE0155E6BEFAE3C83F5CCDACC128E29DBEDC96B9C128F62E7392FB11415A03C74797338BC08C87FD941EB8A440BD3F1873DC432C4088A879A7AA9FB30000000000000000000000009D98,JS1YNU,JS1YRU,,3,240,207,cc fe 82 31 6a 71 ab 07 fd 00 00 06 01 00 00 00 0b 5c 01 01 01 00 41 42 c7 24 70 5d a9 bf 42 00 00 00 40 a6 5c 29 3f b3 33 33 40 a6 66 66 00 00 00 00 41 24 57 22 05 0a 01 00 01 ff d2 12 fa 04 e1 3b 97 b7 60 bb d1 60 5e bb 9d f1 6d 3b 9b d5 8d bb c6 9a a0 bb b1 a8 e8 46 f2 53 9e c6 f2 fa e0 c6 22 66 d5 46 f3 eb 6c c6 f0 15 35 c6 27 79 d4 00 00 02 9b 3e c6 d7 5e be 76 3c c1 bf 5d c9 02 3e 4e d1 2b be 01 55 e6 be fa e3 c8 3f 5c cd ac c1 28 e2 9d be dc 96 b9 c1 28 f6 2e 73 92 fb 11 41 5a 03 c7 47 97 33 8b c0 8c 87 fd 94 1e b8 a4 40 bd 3f 18 73 dc 43 2c 40 88 a8 79 a7 aa 9f b3 00 00 00 00 00 00 00 00 00 00 00 00 9d 98,JS1YRU>JS1YNU: cc fe 82 31 6a 71 ab 07 fd 00 00 06 01 00 00 00 0b 5c 01 01 01 00 41 42 c7 24 70 5d a9 bf 42 00 00 00 40 a6 5c 29 3f b3 33 33 40 a6 66 66 00 00 00 00 41 24 57 22 05 0a 01 00 01 ff d2 12 fa 04 e1 3b 97 b7 60 bb d1 60 5e bb 9d f1 6d 3b 9b d5 8d bb c6 9a a0 bb b1 a8 e8 46 f2 53 9e c6 f2 fa e0 c6 22 66 d5 46 f3 eb 6c c6 f0 15 35 c6 27 79 d4 00 00 02 9b 3e c6 d7 5e be 76 3c c1 bf 5d c9 02 3e 4e d1 2b be 01 55 e6 be fa e3 c8 3f 5c cd ac c1 28 e2 9d be dc 96 b9 c1 28 f6 2e 73 92 fb 11 41 5a 03 c7 47 97 33 8b c0 8c 87 fd 94 1e b8 a4 40 bd 3f 18 73 dc 43 2c 40 88 a8 79 a7 aa 9f b3 00 00 00 00 00 00 00 00 00 00 00 00 9d 98
138.47,223,94A662B29CAA6094A662B2A4AAE103F0CCFE82326A71AB16FD000006010000000B5C010101004142C724706346AD4200666740A647AE3F8CCCCD40A670A400000000412488350108010001EFDC16FD04D93BCE6E22BBBF2EC2BA9C1AF93BBA0924BBBD76083A5B894546FF21F8C6E5BF5DC6253CCB46FFA5A4C6E404B6C61FB724000003313EB8CFB2BE8B6125BF6111AA3E1A1DB9BC7FF140BED9E43C3F67A062C129514C61D7AB36C1258CB5A888E190415A0E4E186AEB6EC08BD296F8F61B3040BD4D94BC9B6CA44084DD95EE5EA051000000000000000000000000F560,JS1YNU,JS1YRU,,3,240,207,cc fe 82 32 6a 71 ab 16 fd 00 00 06 01 00 00 00 0b 5c 01 01 01 00 41 42 c7 24 70 63 46 ad 42 00 66 67 40 a6 47 ae 3f 8c cc cd 40 a6 70 a4 00 00 00 00 41 24 88 35 01 08 01 00 01 ef dc 16 fd 04 d9 3b ce 6e 22 bb bf 2e c2 ba 9c 1a f9 3b ba 09 24 bb bd 76 08 3a 5b 89 45 46 ff 21 f8 c6 e5 bf 5d c6 25 3c cb 46 ff a5 a4 c6 e4 04 b6 c6 1f b7 24 00 00 03 31 3e b8 cf b2 be 8b 61 25 bf 61 11 aa 3e 1a 1d b9 bc 7f f1 40 be d9 e4 3c 3f 67 a0 62 c1 29 51 4c 61 d7 ab 36 c1 25 8c b5 a8 88 e1 90 41 5a 0e 4e 18 6a eb 6e c0 8b d2 96 f8 f6 1b 30 40 bd 4d 94 bc 9b 6c a4 40 84 dd 95 ee 5e a0 51 00 00 00 00 00 00 00 00 00 00 00 00 f5 60,JS1YRU>JS1YNU: cc fe 82 32 6a 71 ab 16 fd 00 00 06 01 00 00 00 0b 5c 01 01 01 00 41 42 c7 24 70 63 46 ad 42 00 66 67 40 a6 47 ae 3f 8c cc cd 40 a6 70 a4 00 00 00 00 41 24 88 35 01 08 01 00 01 ef dc 16 fd 04 d9 3b ce 6e 22 bb bf 2e c2 ba 9c 1a f9 3b ba 09 24 bb bd 76 08 3a 5b 89 45 46 ff 21 f8 c6 e5 bf 5d c6 25 3c cb 46 ff a5 a4 c6 e4 04 b6 c6 1f b7 24 00 00 03 31 3e b8 cf b2 be 8b 61 25 bf 61 11 aa 3e 1a 1d b9 bc 7f f1 40 be d9 e4 3c 3f 67 a0 62 c1 29 51 4c 61 d7 ab 36 c1 25 8c b5 a8 88 e1 90 41 5a 0e 4e 18 6a eb 6e c0 8b d2 96 f8 f6 1b 30 40 bd 4d 94 bc 9b 6c a4 40 84 dd 95 ee 5e a0 51 00 00 00 00 00 00 00 00 00 00 00 00 f5 60
140.32,223,94A662B29CAA6094A662B2A4AAE103F0CCFE82336A71AB4FFD000006010000000B5C010101004142C72470690A714200CCCD40A666663FC0000040A63D710000000041244ADE0007020001C4F416FFFFDB3BBB8EBCBBB9C48B3B54021D3B930360BBEDCAEC3B42B7B746FD6C05C6E9A299C621E14F46FE6114C6EA9153C61D20E8000003C73EA7A3DABEA27917BF6198253DFF413D3D836964BEB0DE0A3F6FADA4C129BF2AAABAE9F8C1220A864AE55129415A1748D7CB3218C08B163A54357A5240BD5A5BD0E759474080F7B9FACF72340000000000000000000000009A00,JS1YNU,JS1YRU,,3,240,207,cc fe 82 33 6a 71 ab 4f fd 00 00 06 01 00 00 00 0b 5c 01 01 01 00 41 42 c7 24 70 69 0a 71 42 00 cc cd 40 a6 66 66 3f c0 00 00 40 a6 3d 71 00 00 00 00 41 24 4a de 00 07 02 00 01 c4 f4 16 ff ff db 3b bb 8e bc bb b9 c4 8b 3b 54 02 1d 3b 93 03 60 bb ed ca ec 3b 42 b7 b7 46 fd 6c 05 c6 e9 a2 99 c6 21 e1 4f 46 fe 61 14 c6 ea 91 53 c6 1d 20 e8 00 00 03 c7 3e a7 a3 da be a2 79 17 bf 61 98 25 3d ff 41 3d 3d 83 69 64 be b0 de 0a 3f 6f ad a4 c1 29 bf 2a aa ba e9 f8 c1 22 0a 86 4a e5 51 29 41 5a 17 48 d7 cb 32 18 c0 8b 16 3a 54 35 7a 52 40 bd 5a 5b d0 e7 59 47 40 80 f7 b9 fa cf 72 34 00 00 00 00 00 00 00 00 00 00 00 00 9a 00,JS1YRU>JS1YNU: cc fe 82 33 6a 71 ab 4f fd 00 00 06 01 00 00 00 0b 5c 01 01 01 00 41 42 c7 24 70 69 0a 71 42 00 cc cd 40 a6 66 66 3f c0 00 00 40 a6 3d 71 00 00 00 00 41 24 4a de 00 07 02 00 01 c4 f4 16 ff ff db 3b bb 8e bc bb b9 c4 8b 3b 54 02 1d 3b 93 03 60 bb ed ca ec 3b 42 b7 b7 46 fd 6c 05 c6 e9 a2 99 c6 21 e1 4f 46 fe 61 14 c6 ea 91 53 c6 1d 20 e8 00 00 03 c7 3e a7 a3 da be a2 79 17 bf 61 98 25 3d ff 41 3d 3d 83 69 64 be b0 de 0a 3f 6f ad a4 c1 29 bf 2a aa ba e9 f8 c1 22 0a 86 4a e5 51 29 41 5a 17 48 d7 cb 32 18 c0 8b 16 3a 54 35 7a 52 40 bd 5a 5b d0 e7 59 47 40 80 f7 b9 fa cf 72 34 00 00 00 00 00 00 00 00 00 00 00 00 9a 00
142.17,223,94A662B29CAA6094A662B2A4AAE103F0CCFE82346A71AB4FFD000006010000000B5C010101004142C724706EA75F41FF333340A666663F8CCCCD40A65C2900000000412463670007020001E3E4190806DA3BB0E066BBE893F53BD54F503BA51A69BBBA1FA43BD3051A46EF810CC6FB18D9C60DC4E046EA6934C6FEE7A6C6086F100000045D3E9034A1BEBE954DBF60303B3DFC82593E068CE7BE8878263F746F68C12A26330F2D0101C11D42554869CE68415A1E3AF73F9471C08A5D218D00BF5740BD64BC8AEA64FF407A5BE4EC587AF000000000000000000000000061A4,JS1YNU,JS1YRU,,3,240,207,cc fe 82 34 6a 71 ab 4f fd 00 00 06 01 00 00 00 0b 5c 01 01 01 00 41 42 c7 24 70 6e a7 5f 41 ff 33 33 40 a6 66 66 3f 8c cc cd 40 a6 5c 29 00 00 00 00 41 24 63 67 00 07 02 00 01 e3 e4 19 08 06 da 3b b0 e0 66 bb e8 93 f5 3b d5 4f 50 3b a5 1a 69 bb ba 1f a4 3b d3 05 1a 46 ef 81 0c c6 fb 18 d9 c6 0d c4 e0 46 ea 69 34 c6 fe e7 a6 c6 08 6f 10 00 00 04 5d 3e 90 34 a1 be be 95 4d bf 60 30 3b 3d fc 82 59 3e 06 8c e7 be 88 78 26 3f 74 6f 68 c1 2a 26 33 0f 2d 01 01 c1 1d 42 55 48 69 ce 68 41 5a 1e 3a f7 3f 94 71 c0 8a 5d 21 8d 00 bf 57 40 bd 64 bc 8a ea 64 ff 40 7a 5b e4 ec 58 7a f0 00 00 00 00 00 00 00 00 00 00 00 00 61 a4,JS1YRU>JS1YNU: cc fe 82 34 6a 71 ab 4f fd 00 00 06 01 00 00 00 0b 5c 01 01 01 00 41 42 c7 24 70 6e a7 5f 41 ff 33 33 40 a6 66 66 3f 8c cc cd 40 a6 5c 29 00 00 00 00 41 24 63 67 00 07 02 00 01 e3 e4 19 08 06 da 3b b0 e0 66 bb e8 93 f5 3b d5 4f 50 3b a5 1a 69 bb ba 1f a4 3b d3 05 1a 46 ef 81 0c c6 fb 18 d9 c6 0d c4 e0 46 ea 69 34 c6 fe e7 a6 c6 08 6f 10 00 00 04 5d 3e 90 34 a1 be be 95 4d bf 60 30 3b 3d fc 82 59 3e 06 8c e7 be 88 78 26 3f 74 6f 68 c1 2a 26 33 0f 2d 01 01 c1 1d 42 55 48 69 ce 68 41 5a 1e 3a f7 3f 94 71 c0 8a 5d 21 8d 00 bf 57 40 bd 64 bc 8a ea 64 ff 40 7a 5b e4 ec 58 7a f0 00 00 00 00 00 00 00 00 00 00 00 00 61 a4
144.02,223,94A662B29CAA6094A662B2A4AAE103F0CCFE82366A71AB52FD000006010000000B5C010101004142C724707A08114200666740A670A43F99999A40A67AE10000000041248835000802000129D7160B12E13BBCFA98BBF1F1C73C4F2C913BB1CC18BBE9AF1C3C35DC7046A30048C71F4AACC59B61D94698F3FEC7210F7EC59B2AA8000005893E125959BEFC344FBF56CE193E39A9793E8BE0F6BE221E683F72E726C12AECE065462259C10EA87FB5C527A1415A26F9ED900E88C088DED3650AD1E140BD73ADB68F77144065CD768759F907000000000000000000000000FDA0,JS1YNU,JS1YRU,,3,240,207,cc fe 82 36 6a 71 ab 52 fd 00 00 06 01 00 00 00 0b 5c 01 01 01 00 41 42 c7 24 70 7a 08 11 42 00 66 67 40 a6 70 a4 3f 99 99 9a 40 a6 7a e1 00 00 00 00 41 24 88 35 00 08 02 00 01 29 d7 16 0b 12 e1 3b bc fa 98 bb f1 f1 c7 3c 4f 2c 91 3b b1 cc 18 bb e9 af 1c 3c 35 dc 70 46 a3 00 48 c7 1f 4a ac c5 9b 61 d9 46 98 f3 fe c7 21 0f 7e c5 9b 2a a8 00 00 05 89 3e 12 59 59 be fc 34 4f bf 56 ce 19 3e 39 a9 79 3e 8b e0 f6 be 22 1e 68 3f 72 e7 26 c1 2a ec e0 65 46 22 59 c1 0e a8 7f b5 c5 27 a1 41 5a 26 f9 ed 90 0e 88 c0 88 de d3 65 0a d1 e1 40 bd 73 ad b6 8f 77 14 40 65 cd 76 87 59 f9 07 00 00 00 00 00 00 00 00 00 00 00 00 fd a0,JS1YRU>JS1YNU: cc fe 82 36 6a 71 ab 52 fd 00 00 06 01 00 00 00 0b 5c 01 01 01 00 41 42 c7 24 70 7a 08 11 42 00 66 67 40 a6 70 a4 3f 99 99 9a 40 a6 7a e1 00 00 00 00 41 24 88 35 00 08 02 00 01 29 d7 16 0b 12 e1 3b bc fa 98 bb f1 f1 c7 3c 4f 2c 91 3b b1 cc 18 bb e9 af 1c 3c 35 dc 70 46 a3 00 48 c7 1f 4a ac c5 9b 61 d9 46 98 f3 fe c7 21 0f 7e c5 9b 2a a8 00 00 05 89 3e 12 59 59 be fc 34 4f bf 56 ce 19 3e 39 a9 79 3e 8b e0 f6 be 22 1e 68 3f 72 e7 26 c1 2a ec e0 65 46 22 59 c1 0e a8 7f b5 c5 27 a1 41 5a 26 f9 ed 90 0e 88 c0 88 de d3 65 0a d1 e1 40 bd 73 ad b6 8f 77 14 40 65 cd 76 87 59 f9 07 00 00 00 00 00 00 00 00 00 00 00 00 fd a0
145.875,223,94A662B29CAA6094A662B2A4AAE103F0CCFE82376A71AB61FD000006010000000B5C010101004142C724707FCBD541D8000040A666663F80000040A666660000000041246367000A020001280E140A18E73BAF4502BC0838783C738E253BA46E63BC2B42603C834C114644003CC72F8938C502660B462FF438C7316F06C4AFBB000000061F3D434493BF0BD2DDBF4DDC9F3E6B32213EB64D8CBE1A4F063F6C1771C12B4B8A1F793312C1008DD7CDDE9872415A28A2BB6149A7C0881AA43A0BA3F040BD78108DC278FD4048A69ACABE3EE6000000000000000000000000ACF0,JS1YNU,JS1YRU,,3,240,207,cc fe 82 37 6a 71 ab 61 fd 00 00 06 01 00 00 00 0b 5c 01 01 01 00 41 42 c7 24 70 7f cb d5 41 d8 00 00 40 a6 66 66 3f 80 00 00 40 a6 66 66 00 00 00 00 41 24 63 67 00 0a 02 00 01 28 0e 14 0a 18 e7 3b af 45 02 bc 08 38 78 3c 73 8e 25 3b a4 6e 63 bc 2b 42 60 3c 83 4c 11 46 44 00 3c c7 2f 89 38 c5 02 66 0b 46 2f f4 38 c7 31 6f 06 c4 af bb 00 00 00 06 1f 3d 43 44 93 bf 0b d2 dd bf 4d dc 9f 3e 6b 32 21 3e b6 4d 8c be 1a 4f 06 3f 6c 17 71 c1 2b 4b 8a 1f 79 33 12 c1 00 8d d7 cd de 98 72 41 5a 28 a2 bb 61 49 a7 c0 88 1a a4 3a 0b a3 f0 40 bd 78 10 8d c2 78 fd 40 48 a6 9a ca be 3e e6 00 00 00 00 00 00 00 00 00 00 00 00 ac f0,JS1YRU>JS1YNU: cc fe 82 37 6a 71 ab 61 fd 00 00 06 01 00 00 00 0b 5c 01 01 01 00 41 42 c7 24 70 7f cb d5 41 d8 00 00 40 a6 66 66 3f 80 00 00 40 a6 66 66 00 00 00 00 41 24 63 67 00 0a 02 00 01 28 0e 14 0a 18 e7 3b af 45 02 bc 08 38 78 3c 73 8e 25 3b a4 6e 63 bc 2b 42 60 3c 83 4c 11 46 44 00 3c c7 2f 89 38 c5 02 66 0b 46 2f f4 38 c7 31 6f 06 c4 af bb 00 00 00 06 1f 3d 43 44 93 bf 0b d2 dd bf 4d dc 9f 3e 6b 32 21 3e b6 4d 8c be 1a 4f 06 3f 6c 17 71 c1 2b 4b 8a 1f 79 33 12 c1 00 8d d7 cd de 98 72 41 5a 28 a2 bb 61 49 a7 c0 88 1a a4 3a 0b a3 f0 40 bd 78 10 8d c2 78 fd 40 48 a6 9a ca be 3e e6 00 00 00 00 00 00 00 00 00 00 00 00 ac f0
148.024,223,94A662B29CAA6094A662B2A4AAE103F0CCFE82386A71AB70FD000006010000000B5C010101004142C724708568C341D9999A40A65C293FA6666740A651EC000000004124A0BE010C02000121070F0819F23B3C0300BC1D09183C82D1AC3B2C80C2BC17D8483C87AFF6455C22E3C737DB3B44AAA0074511F8F0C73827C2452078A0000006B5BD77F522BF15BEEABF4251A53E8EFFCF3EE0D706BE3FCB0F3F60F10FC12BA4534E1C550BC0D6057F59FF5120415A2876F0E4B327C0875955A1ABF9B640BD7A4A4B2B972FC052453F290EBB140000000000000000000000000472,JS1YNU,JS1YRU,,3,240,207,cc fe 82 38 6a 71 ab 70 fd 00 00 06 01 00 00 00 0b 5c 01 01 01 00 41 42 c7 24 70 85 68 c3 41 d9 99 9a 40 a6 5c 29 3f a6 66 67 40 a6 51 ec 00 00 00 00 41 24 a0 be 01 0c 02 00 01 21 07 0f 08 19 f2 3b 3c 03 00 bc 1d 09 18 3c 82 d1 ac 3b 2c 80 c2 bc 17 d8 48 3c 87 af f6 45 5c 22 e3 c7 37 db 3b 44 aa a0 07 45 11 f8 f0 c7 38 27 c2 45 20 78 a0 00 00 06 b5 bd 77 f5 22 bf 15 be ea bf 42 51 a5 3e 8e ff cf 3e e0 d7 06 be 3f cb 0f 3f 60 f1 0f c1 2b a4 53 4e 1c 55 0b c0 d6 05 7f 59 ff 51 20 41 5a 28 76 f0 e4 b3 27 c0 87 59 55 a1 ab f9 b6 40 bd 7a 4a 4b 2b 97 2f c0 52 45 3f 29 0e bb 14 00 00 00 00 00 00 00 00 00 00 00 00 04 72,JS1YRU>JS1YNU: cc fe 82 38 6a 71 ab 70 fd 00 00 06 01 00 00 00 0b 5c 01 01 01 00 41 42 c7 24 70 85 68 c3 41 d9 99 9a 40 a6 5c 29 3f a6 66 67 40 a6 51 ec 00 00 00 00 41 24 a0 be 01 0c 02 00 01 21 07 0f 08 19 f2 3b 3c 03 00 bc 1d 09 18 3c 82 d1 ac 3b 2c 80 c2 bc 17 d8 48 3c 87 af f6 45 5c 22 e3 c7 37 db 3b 44 aa a0 07 45 11 f8 f0 c7 38 27 c2 45 20 78 a0 00 00 06 b5 bd 77 f5 22 bf 15 be ea bf 42 51 a5 3e 8e ff cf 3e e0 d7 06 be 3f cb 0f 3f 60 f1 0f c1 2b a4 53 4e 1c 55 0b c0 d6 05 7f 59 ff 51 20 41 5a 28 76 f0 e4 b3 27 c0 87 59 55 a1 ab f9 b6 40 bd 7a 4a 4b 2b 97 2f c0 52 45 3f 29 0e bb 14 00 00 00 00 00 00 00 00 00 00 00 00 04 72
149.87,223,94A662B29CAA6094A662B2A4AAE103F0CCFE82396A71AB7FFD000006010000000B5C010101004142C724708B2C8741D8CCCD40A65C293F99999A40A666660000000041240142020D020001240D0A081CF73A7AB8DEBC12777A3C69A8A13A67ACF0BC20448E3C680496C5B581F1C738762545AA7640C5DA9D24C73853E145C9D1200000074BBE343CB3BF1B97C8BF345B873EA488233F031EB7BE8663003F515A54C12BFAE3A497829740F69FCA967B025C415A26767E89DC27C0869236EEE9B6CA40BD7A77EB8C3D4CC068B7A0D6CDC60C0000000000000000000000008206,JS1YNU,JS1YRU,,3,240,207,cc fe 82 39 6a 71 ab 7f fd 00 00 06 01 00 00 00 0b 5c 01 01 01 00 41 42 c7 24 70 8b 2c 87 41 d8 cc cd 40 a6 5c 29 3f 99 99 9a 40 a6 66 66 00 00 00 00 41 24 01 42 02 0d 02 00 01 24 0d 0a 08 1c f7 3a 7a b8 de bc 12 77 7a 3c 69 a8 a1 3a 67 ac f0 bc 20 44 8e 3c 68 04 96 c5 b5 81 f1 c7 38 76 25 45 aa 76 40 c5 da 9d 24 c7 38 53 e1 45 c9 d1 20 00 00 07 4b be 34 3c b3 bf 1b 97 c8 bf 34 5b 87 3e a4 88 23 3f 03 1e b7 be 86 63 00 3f 51 5a 54 c1 2b fa e3 a4 97 82 97 40 f6 9f ca 96 7b 02 5c 41 5a 26 76 7e 89 dc 27 c0 86 92 36 ee e9 b6 ca 40 bd 7a 77 eb 8c 3d 4c c0 68 b7 a0 d6 cd c6 0c 00 00 00 00 00 00 00 00 00 00 00 00 82 06,JS1YRU>JS1YNU: cc fe 82 39 6a 71 ab 7f fd 00 00 06 01 00 00 00 0b 5c 01 01 01 00 41 42 c7 24 70 8b 2c 87 41 d8 cc cd 40 a6 5c 29 3f 99 99 9a 40 a6 66 66 00 00 00 00 41 24 01 42 02 0d 02 00 01 24 0d 0a 08 1c f7 3a 7a b8 de bc 12 77 7a 3c 69 a8 a1 3a 67 ac f0 bc 20 44 8e 3c 68 04 96 c5 b5 81 f1 c7 38 76 25 45 aa 76 40 c5 da 9d 24 c7 38 53 e1 45 c9 d1 20 00 00 07 4b be 34 3c b3 bf 1b 97 c8 bf 34 5b 87 3e a4 88 23 3f 03 1e b7 be 86 63 00 3f 51 5a 54 c1 2b fa e3 a4 97 82 97 40 f6 9f ca 96 7b 02 5c 41 5a 26 76 7e 89 dc 27 c0 86 92 36 ee e9 b6 ca 40 bd 7a 77 eb 8c 3d 4c c0 68 b7 a0 d6 cd c6 0c 00 00 00 00 00 00 00 00 00 00 00 00 82 06
151.77,223,94A662B29CAA6094A662B2A4AAE103F0CCFE823A6A71AB8EFD000006010000000B5C010101004142C7247090C97541FA666740A651EC3F8CCCCD40A666660000000041239F1C030C0200011B0B060919FAB95C7CCABC38C0663C6F18A839BCF6B0BC5FC0343C7DE274C6536359C7314A77461EC9AEC668493AC72F3172462C0BE6000007E1BE95AC4FBF1D3F9EBF24FEFB3EB2B6E63F10A597BEBBB2053F3D3978C12C4BBA92E17DD8410910DFECC966E8415A22B90DAF99EEC085CE461670E4FB40BD78977D1C8BE9C073F97ACC0B8972000000000000000000000000492E,JS1YNU,JS1YRU,,3,240,207,cc fe 82 3a 6a 71 ab 8e fd 00 00 06 01 00 00 00 0b 5c 01 01 01 00 41 42 c7 24 70 90 c9 75 41 fa 66 67 40 a6 51 ec 3f 8c cc cd 40 a6 66 66 00 00 00 00 41 23 9f 1c 03 0c 02 00 01 1b 0b 06 09 19 fa b9 5c 7c ca bc 38 c0 66 3c 6f 18 a8 39 bc f6 b0 bc 5f c0 34 3c 7d e2 74 c6 53 63 59 c7 31 4a 77 46 1e c9 ae c6 68 49 3a c7 2f 31 72 46 2c 0b e6 00 00 07 e1 be 95 ac 4f bf 1d 3f 9e bf 24 fe fb 3e b2 b6 e6 3f 10 a5 97 be bb b2 05 3f 3d 39 78 c1 2c 4b ba 92 e1 7d d8 41 09 10 df ec c9 66 e8 41 5a 22 b9 0d af 99 ee c0 85 ce 46 16 70 e4 fb 40 bd 78 97 7d 1c 8b e9 c0 73 f9 7a cc 0b 89 72 00 00 00 00 00 00 00 00 00 00 00 00 49 2e,JS1YRU>JS1YNU: cc fe 82 3a 6a 71 ab 8e fd 00 00 06 01 00 00 00 0b 5c 01 01 01 00 41 42 c7 24 70 90 c9 75 41 fa 66 67 40 a6 51 ec 3f 8c cc cd 40 a6 66 66 00 00 00 00 41 23 9f 1c 03 0c 02 00 01 1b 0b 06 09 19 fa b9 5c 7c ca bc 38 c0 66 3c 6f 18 a8 39 bc f6 b0 bc 5f c0 34 3c 7d e2 74 c6 53 63 59 c7 31 4a 77 46 1e c9 ae c6 68 49 3a c7 2f 31 72 46 2c 0b e6 00 00 07 e1 be 95 ac 4f bf 1d 3f 9e bf 24 fe fb 3e b2 b6 e6 3f 10 a5 97 be bb b2 05 3f 3d 39 78 c1 2c 4b ba 92 e1 7d d8 41 09 10 df ec c9 66 e8 41 5a 22 b9 0d af 99 ee c0 85 ce 46 16 70 e4 fb 40 bd 78 97 7d 1c 8b e9 c0 73 f9 7a cc 0b 89 72 00 00 00 00 00 00 00 00 00 00 00 00 49 2e
153.62,223,94A662B29CAA6094A662B2A4AAE103F0CCFE823B6A71AB9DFD000006010000000B5C010101004142C72470968D394200666740A647AE3F66666740A6666600000000412419CB030F020001170B0A091F00BA634690BC2C8BD53C438C6DBA19F148BC548DB63C522AE5C69999BEC72851C3465FCBD4C6A08456C72743DD46644F6800000877BECD4542BF1B2BF0BF16190E3EB73DEE3F17CEA1BEF812DA3F24A329C12C9B0BEAB4D6C541139D3BFCB6998C415A1D0826AD1810C08503312D90BB4C40BD748A5197F41BC07BD04F0ED1032E0000000000000000000000009958,JS1YNU,JS1YRU,,3,240,207,cc fe 82 3b 6a 71 ab 9d fd 00 00 06 01 00 00 00 0b 5c 01 01 01 00 41 42 c7 24 70 96 8d 39 42 00 66 67 40 a6 47 ae 3f 66 66 67 40 a6 66 66 00 00 00 00 41 24 19 cb 03 0f 02 00 01 17 0b 0a 09 1f 00 ba 63 46 90 bc 2c 8b d5 3c 43 8c 6d ba 19 f1 48 bc 54 8d b6 3c 52 2a e5 c6 99 99 be c7 28 51 c3 46 5f cb d4 c6 a0 84 56 c7 27 43 dd 46 64 4f 68 00 00 08 77 be cd 45 42 bf 1b 2b f0 bf 16 19 0e 3e b7 3d ee 3f 17 ce a1 be f8 12 da 3f 24 a3 29 c1 2c 9b 0b ea b4 d6 c5 41 13 9d 3b fc b6 99 8c 41 5a 1d 08 26 ad 18 10 c0 85 03 31 2d 90 bb 4c 40 bd 74 8a 51 97 f4 1b c0 7b d0 4f 0e d1 03 2e 00 00 00 00 00 00 00 00 00 00 00 00 99 58,JS1YRU>JS1YNU: cc fe 82 3b 6a 71 ab 9d fd 00 00 06 01 00 00 00 0b 5c 01 01 01 00 41 42 c7 24 70 96 8d 39 42 00 66 67 40 a6 47 ae 3f 66 66 67 40 a6 66 66 00 00 00 00 41 24 19 cb 03 0f 02 00 01 17 0b 0a 09 1f 00 ba 63 46 90 bc 2c 8b d5 3c 43 8c 6d ba 19 f1 48 bc 54 8d b6 3c 52 2a e5 c6 99 99 be c7 28 51 c3 46 5f cb d4 c6 a0 84 56 c7 27 43 dd 46 64 4f 68 00 00 08 77 be cd 45 42 bf 1b 2b f0 bf 16 19 0e 3e b7 3d ee 3f 17 ce a1 be f8 12 da 3f 24 a3 29 c1 2c 9b 0b ea b4 d6 c5 41 13 9d 3b fc b6 99 8c 41 5a 1d 08 26 ad 18 10 c0 85 03 31 2d 90 bb 4c 40 bd 74 8a 51 97 f4 1b c0 7b d0 4f 0e d1 03 2e 00 00 00 00 00 00 00 00 00 00 00 00 99 58
155.47,223,94A662B29CAA6094A662B2A4AAE103F0CCFE823C6A71ABACFD000006010000000B5C010101004142C724709C2A274201999A40A65C293F8CCCCD40A670A4000000004123B7A6044E020001120B3CF91F08BB08FAE3BC2DBE1E3C1C6E2BBAFD36E0BC4B97243C37ECA0C6B4C9FEC71FBC0C468EB154C6B8EC30C71D70F24693C8B20000090DBEFEDEAFBF17042BBF081BA73EB27E793F196910BF18ED1A3F086FADC12CE42CCB57AAF1411A7C3665829D64415A15B8BE883E5AC0843C78F0886A3040BD6E8DF8747496C081B55BF70753190000000000000000000000007D75,JS1YNU,JS1YRU,,3,240,207,cc fe 82 3c 6a 71 ab ac fd 00 00 06 01 00 00 00 0b 5c 01 01 01 00 41 42 c7 24 70 9c 2a 27 42 01 99 9a 40 a6 5c 29 3f 8c cc cd 40 a6 70 a4 00 00 00 00 41 23 b7 a6 04 4e 02 00 01 12 0b 3c f9 1f 08 bb 08 fa e3 bc 2d be 1e 3c 1c 6e 2b ba fd 36 e0 bc 4b 97 24 3c 37 ec a0 c6 b4 c9 fe c7 1f bc 0c 46 8e b1 54 c6 b8 ec 30 c7 1d 70 f2 46 93 c8 b2 00 00 09 0d be fe de af bf 17 04 2b bf 08 1b a7 3e b2 7e 79 3f 19 69 10 bf 18 ed 1a 3f 08 6f ad c1 2c e4 2c cb 57 aa f1 41 1a 7c 36 65 82 9d 64 41 5a 15 b8 be 88 3e 5a c0 84 3c 78 f0 88 6a 30 40 bd 6e 8d f8 74 74 96 c0 81 b5 5b f7 07 53 19 00 00 00 00 00 00 00 00 00 00 00 00 7d 75,JS1YRU>JS1YNU: cc fe 82 3c 6a 71 ab ac fd 00 00 06 01 00 00 00 0b 5c 01 01 01 00 41 42 c7 24 70 9c 2a 27 42 01 99 9a 40 a6 5c 29 3f 8c cc cd 40 a6 70 a4 00 00 00 00 41 23 b7 a6 04 4e 02 00 01 12 0b 3c f9 1f 08 bb 08 fa e3 bc 2d be 1e 3c 1c 6e 2b ba fd 36 e0 bc 4b 97 24 3c 37 ec a0 c6 b4 c9 fe c7 1f bc 0c 46 8e b1 54 c6 b8 ec 30 c7 1d 70 f2 46 93 c8 b2 00 00 09 0d be fe de af bf 17 04 2b bf 08 1b a7 3e b2 7e 79 3f 19 69 10 bf 18 ed 1a 3f 08 6f ad c1 2c e4 2c cb 57 aa f1 41 1a 7c 36 65 82 9d 64 41 5a 15 b8 be 88 3e 5a c0 84 3c 78 f0 88 6a 30 40 bd 6e 8d f8 74 74 96 c0 81 b5 5b f7 07 53 19 00 00 00 00 00 00 00 00 00 00 00 00 7d 75
157.325,223,94A662B29CAA6094A662B2A4AAE103F0CCFE823D6A71ABBBFD000006010000000B5C010101004142C72470A1EDEB4200CCCD40A65C293F80000040A651EC0000000041242610040F190001150B08FF38C4BB7C38CEBC300B563BDEE9DABB43D4B4BC28D8483C0392DFC6BCF2C2C71A133F46A96E1BC6BCB9E0C719D26546AA186F000000113F2C05F73EE6698E3F167796BCB2AACE3F316A3BBF2E31D8BE73D73FC12D2B3DDBF20F004120C3F9BD55BF2E415A0C641F9BA37AC0836F32BC4B7C0640BD664F597A3082C0859AEF01BA4E370000000000000000000000008D56,JS1YNU,JS1YRU,,3,240,207,cc fe 82 3d 6a 71 ab bb fd 00 00 06 01 00 00 00 0b 5c 01 01 01 00 41 42 c7 24 70 a1 ed eb 42 00 cc cd 40 a6 5c 29 3f 80 00 00 40 a6 51 ec 00 00 00 00 41 24 26 10 04 0f 19 00 01 15 0b 08 ff 38 c4 bb 7c 38 ce bc 30 0b 56 3b de e9 da bb 43 d4 b4 bc 28 d8 48 3c 03 92 df c6 bc f2 c2 c7 1a 13 3f 46 a9 6e 1b c6 bc b9 e0 c7 19 d2 65 46 aa 18 6f 00 00 00 11 3f 2c 05 f7 3e e6 69 8e 3f 16 77 96 bc b2 aa ce 3f 31 6a 3b bf 2e 31 d8 be 73 d7 3f c1 2d 2b 3d db f2 0f 00 41 20 c3 f9 bd 55 bf 2e 41 5a 0c 64 1f 9b a3 7a c0 83 6f 32 bc 4b 7c 06 40 bd 66 4f 59 7a 30 82 c0 85 9a ef 01 ba 4e 37 00 00 00 00 00 00 00 00 00 00 00 00 8d 56,JS1YRU>JS1YNU: cc fe 82 3d 6a 71 ab bb fd 00 00 06 01 00 00 00 0b 5c 01 01 01 00 41 42 c7 24 70 a1 ed eb 42 00 cc cd 40 a6 5c 29 3f 80 00 00 40 a6 51 ec 00 00 00 00 41 24 26 10 04 0f 19 00 01 15 0b 08 ff 38 c4 bb 7c 38 ce bc 30 0b 56 3b de e9 da bb 43 d4 b4 bc 28 d8 48 3c 03 92 df c6 bc f2 c2 c7 1a 13 3f 46 a9 6e 1b c6 bc b9 e0 c7 19 d2 65 46 aa 18 6f 00 00 00 11 3f 2c 05 f7 3e e6 69 8e 3f 16 77 96 bc b2 aa ce 3f 31 6a 3b bf 2e 31 d8 be 73 d7 3f c1 2d 2b 3d db f2 0f 00 41 20 c3 f9 bd 55 bf 2e 41 5a 0c 64 1f 9b a3 7a c0 83 6f 32 bc 4b 7c 06 40 bd 66 4f 59 7a 30 82 c0 85 9a ef 01 ba 4e 37 00 00 00 00 00 00 00 00 00 00 00 00 8d 56
159.17,223,94A662B29CAA6094A662B2A4AAE103F0CCFE823E6A71ABCAFD000006010000000B5C010101004142C72470A78AD94202666740A651EC3FA6666740A65C29000000004123B7A6040D5F0001160D00082AC5BBA56CD2BC2954213B8535C8BBE51C7BBC2688823B4B1F71C6B257FFC717EB9346BFCB61C6AF18D1C716B83646C3F6BC000000073F2761393EF379BD3F11C52D3E185DD43F46FD5BBEDA86EFBEECA5EDC12D6C9692FB70B2412431BAE418A415415A018583BB9097C082A611E26EF23E40BD5C3AAFA3CF9BC0896578C1BA28F30000000000000000000000004CFA,JS1YNU,JS1YRU,,3,240,207,cc fe 82 3e 6a 71 ab ca fd 00 00 06 01 00 00 00 0b 5c 01 01 01 00 41 42 c7 24 70 a7 8a d9 42 02 66 67 40 a6 51 ec 3f a6 66 67 40 a6 5c 29 00 00 00 00 41 23 b7 a6 04 0d 5f 00 01 16 0d 00 08 2a c5 bb a5 6c d2 bc 29 54 21 3b 85 35 c8 bb e5 1c 7b bc 26 88 82 3b 4b 1f 71 c6 b2 57 ff c7 17 eb 93 46 bf cb 61 c6 af 18 d1 c7 16 b8 36 46 c3 f6 bc 00 00 00 07 3f 27 61 39 3e f3 79 bd 3f 11 c5 2d 3e 18 5d d4 3f 46 fd 5b be da 86 ef be ec a5 ed c1 2d 6c 96 92 fb 70 b2 41 24 31 ba e4 18 a4 15 41 5a 01 85 83 bb 90 97 c0 82 a6 11 e2 6e f2 3e 40 bd 5c 3a af a3 cf 9b c0 89 65 78 c1 ba 28 f3 00 00 00 00 00 00 00 00 00 00 00 00 4c fa,JS1YRU>JS1YNU: cc fe 82 3e 6a 71 ab ca fd 00 00 06 01 00 00 00 0b 5c 01 01 01 00 41 42 c7 24 70 a7 8a d9 42 02 66 67 40 a6 51 ec 3f a6 66 67 40 a6 5c 29 00 00 00 00 41 23 b7 a6 04 0d 5f 00 01 16 0d 00 08 2a c5 bb a5 6c d2 bc 29 54 21 3b 85 35 c8 bb e5 1c 7b bc 26 88 82 3b 4b 1f 71 c6 b2 57 ff c7 17 eb 93 46 bf cb 61 c6 af 18 d1 c7 16 b8 36 46 c3 f6 bc 00 00 00 07 3f 27 61 39 3e f3 79 bd 3f 11 c5 2d 3e 18 5d d4 3f 46 fd 5b be da 86 ef be ec a5 ed c1 2d 6c 96 92 fb 70 b2 41 24 31 ba e4 18 a4 15 41 5a 01 85 83 bb 90 97 c0 82 a6 11 e2 6e f2 3e 40 bd 5c 3a af a3 cf 9b c0 89 65 78 c1 ba 28 f3 00 00 00 00 00 00 00 00 00 00 00 00 4c fa
161.02,223,94A662B29CAA6094A662B2A4AAE103F0CCFE823F6A71ABD9FD000006010000000B5C010101004142C72470AD4E9D4202CCCD40A63D713FC0000040A65C29000000004123DC74040D620001150B010821CEBBC62F05BC2874E63AFE4B25BBBDFFCABC0E6B383B424DEEC6982461C71A4DD046D0024CC693D6B4C71ADB2046D23100000000073F31168E3EE286383F07E8993E5686C13F35D600BEC80449BF15E668C12DABA1CE62E9414127B549984803404159F48B472F4AF0C081D68A830FB69340BD4FC981FD2DCCC08D47C00061990F0000000000000000000000006404,JS1YNU,JS1YRU,,3,240,207,cc fe 82 3f 6a 71 ab d9 fd 00 00 06 01 00 00 00 0b 5c 01 01 01 00 41 42 c7 24 70 ad 4e 9d 42 02 cc cd 40 a6 3d 71 3f c0 00 00 40 a6 5c 29 00 00 00 00 41 23 dc 74 04 0d 62 00 01 15 0b 01 08 21 ce bb c6 2f 05 bc 28 74 e6 3a fe 4b 25 bb bd ff ca bc 0e 6b 38 3b 42 4d ee c6 98 24 61 c7 1a 4d d0 46 d0 02 4c c6 93 d6 b4 c7 1a db 20 46 d2 31 00 00 00 00 07 3f 31 16 8e 3e e2 86 38 3f 07 e8 99 3e 56 86 c1 3f 35 d6 00 be c8 04 49 bf 15 e6 68 c1 2d ab a1 ce 62 e9 41 41 27 b5 49 98 48 03 40 41 59 f4 8b 47 2f 4a f0 c0 81 d6 8a 83 0f b6 93 40 bd 4f c9 81 fd 2d cc c0 8d 47 c0 00 61 99 0f 00 00 00 00 00 00 00 00 00 00 00 00 64 04,JS1YRU>JS1YNU: cc fe 82 3f 6a 71 ab d9 fd 00 00 06 01 00 00 00 0b 5c 01 01 01 00 41 42 c7 24 70 ad 4e 9d 42 02 cc cd 40 a6 3d 71 3f c0 00 00 40 a6 5c 29 00 00 00 00 41 23 dc 74 04 0d 62 00 01 15 0b 01 08 21 ce bb c6 2f 05 bc 28 74 e6 3a fe 4b 25 bb bd ff ca bc 0e 6b 38 3b 42 4d ee c6 98 24 61 c7 1a 4d d0 46 d0 02 4c c6 93 d6 b4 c7 1a db 20 46 d2 31 00 00 00 00 07 3f 31 16 8e 3e e2 86 38 3f 07 e8 99 3e 56 86 c1 3f 35 d6 00 be c8 04 49 bf 15 e6 68 c1 2d ab a1 ce 62 e9 41 41 27 b5 49 98 48 03 40 41 59 f4 8b 47 2f 4a f0 c0 81 d6 8a 83 0f b6 93 40 bd 4f c9 81 fd 2d cc c0 8d 47 c0 00 61 99 0f 00 00 00 00 00 00 00 00 00 00 00 00 64 04
162.87,223,94A662B29CAA6094A662B2A4AAE103F0CCFE82406A71ABE8FD000006010000000B5C010101004142C72470B2EB8B41FA666740A651EC3F99999A40A67AE1000000004123B7A6040D670001150A020819D6BBD5D3D4BC1FD8EB390722D4BBC18ED0BC2FA00039A08954C665A46AC71F53D146D5CDF5C65C3DE0C71FDAA546D283C8000000073F35AEF13ED9446A3EFE483B3E87122A3F232882BEAAE3F3BF31CE01C12DE524C312559C412B2052E61AE3554159E620F6BF4ECFC0810B5C356E946540BD419EA0BBDC69C0908749EC8848670000000000000000000000007740,JS1YNU,JS1YRU,,3,240,207,cc fe 82 40 6a 71 ab e8 fd 00 00 06 01 00 00 00 0b 5c 01 01 01 00 41 42 c7 24 70 b2 eb 8b 41 fa 66 67 40 a6 51 ec 3f 99 99 9a 40 a6 7a e1 00 00 00 00 41 23 b7 a6 04 0d 67 00 01 15 0a 02 08 19 d6 bb d5 d3 d4 bc 1f d8 eb 39 07 22 d4 bb c1 8e d0 bc 2f a0 00 39 a0 89 54 c6 65 a4 6a c7 1f 53 d1 46 d5 cd f5 c6 5c 3d e0 c7 1f da a5 46 d2 83 c8 00 00 00 07 3f 35 ae f1 3e d9 44 6a 3e fe 48 3b 3e 87 12 2a 3f 23 28 82 be aa e3 f3 bf 31 ce 01 c1 2d e5 24 c3 12 55 9c 41 2b 20 52 e6 1a e3 55 41 59 e6 20 f6 bf 4e cf c0 81 0b 5c 35 6e 94 65 40 bd 41 9e a0 bb dc 69 c0 90 87 49 ec 88 48 67 00 00 00 00 00 00 00 00 00 00 00 00 77 40,JS1YRU>JS1YNU: cc fe 82 40 6a 71 ab e8 fd 00 00 06 01 00 00 00 0b 5c 01 01 01 00 41 42 c7 24 70 b2 eb 8b 41 fa 66 67 40 a6 51 ec 3f 99 99 9a 40 a6 7a e1 00 00 00 00 41 23 b7 a6 04 0d 67 00 01 15 0a 02 08 19 d6 bb d5 d3 d4 bc 1f d8 eb 39 07 22 d4 bb c1 8e d0 bc 2f a0 00 39 a0 89 54 c6 65 a4 6a c7 1f 53 d1 46 d5 cd f5 c6 5c 3d e0 c7 1f da a5 46 d2 83 c8 00 00 00 07 3f 35 ae f1 3e d9 44 6a 3e fe 48 3b 3e 87 12 2a 3f 23 28 82 be aa e3 f3 bf 31 ce 01 c1 2d e5 24 c3 12 55 9c 41 2b 20 52 e6 1a e3 55 41 59 e6 20 f6 bf 4e cf c0 81 0b 5c 35 6e 94 65 40 bd 41 9e a0 bb dc 69 c0 90 87 49 ec 88 48 67 00 00 00 00 00 00 00 00 00 00 00 00 77 40
164.72,223,94A662B29CAA6094A662B2A4AAE103F0CCFE82416A71ABF7FD000006010000000B5C010101004142C72470B8AF4F41DD999A40A651EC3F99999A40A66666000000004123B7A6030D6900011907040811DEBBCEB65EBC2E3F78B95135F6BBDFE4D3BC2D921ABA00D9E0C60ACB97C725506A46D40600C5FA4F38C726674246D283C8000000073F391CB83ECF34383EE8DC233EA7184D3F0CCEEBBE83A67BBF4B693FC12E1C1E9633F617412EA0A0FDD8A9584159D58517CC70B3C08039E03EEAB58A40BD30FD070D50B9C0927646671C20E10000000000000000000000006F27,JS1YNU,JS1YRU,,3,240,207,cc fe 82 41 6a 71 ab f7 fd 00 00 06 01 00 00 00 0b 5c 01 01 01 00 41 42 c7 24 70 b8 af 4f 41 dd 99 9a 40 a6 51 ec 3f 99 99 9a 40 a6 66 66 00 00 00 00 41 23 b7 a6 03 0d 69 00 01 19 07 04 08 11 de bb ce b6 5e bc 2e 3f 78 b9 51 35 f6 bb df e4 d3 bc 2d 92 1a ba 00 d9 e0 c6 0a cb 97 c7 25 50 6a 46 d4 06 00 c5 fa 4f 38 c7 26 67 42 46 d2 83 c8 00 00 00 07 3f 39 1c b8 3e cf 34 38 3e e8 dc 23 3e a7 18 4d 3f 0c ce eb be 83 a6 7b bf 4b 69 3f c1 2e 1c 1e 96 33 f6 17 41 2e a0 a0 fd d8 a9 58 41 59 d5 85 17 cc 70 b3 c0 80 39 e0 3e ea b5 8a 40 bd 30 fd 07 0d 50 b9 c0 92 76 46 67 1c 20 e1 00 00 00 00 00 00 00 00 00 00 00 00 6f 27,JS1YRU>JS1YNU: cc fe 82 41 6a 71 ab f7 fd 00 00 06 01 00 00 00 0b 5c 01 01 01 00 41 42 c7 24 70 b8 af 4f 41 dd 99 9a 40 a6 51 ec 3f 99 99 9a 40 a6 66 66 00 00 00 00 41 23 b7 a6 03 0d 69 00 01 19 07 04 08 11 de bb ce b6 5e bc 2e 3f 78 b9 51 35 f6 bb df e4 d3 bc 2d 92 1a ba 00 d9 e0 c6 0a cb 97 c7 25 50 6a 46 d4 06 00 c5 fa 4f 38 c7 26 67 42 46 d2 83 c8 00 00 00 07 3f 39 1c b8 3e cf 34 38 3e e8 dc 23 3e a7 18 4d 3f 0c ce eb be 83 a6 7b bf 4b 69 3f c1 2e 1c 1e 96 33 f6 17 41 2e a0 a0 fd d8 a9 58 41 59 d5 85 17 cc 70 b3 c0 80 39 e0 3e ea b5 8a 40 bd 30 fd 07 0d 50 b9 c0 92 76 46 67 1c 20 e1 00 00 00 00 00 00 00 00 00 00 00 00 6f 27
166.57,223,94A662B29CAA6094A662B2A4AAE103F0CCFE82426A71AC06FD000006010000000B5C010101004142C72470BE4C3D4204CCCD40A651EC3FA6666740A670A40000000041246367030C6B00011D0806070AE6BBD78D0FBC312845BAC1FD29BBC5A79DBC064E12BAA928C8C4E4E1A4C72980D046CA59FAC4954240C729817146C6DFBF000000073F3A8D223EC603993ECFA67D3EC985103EE32239BE2D0CB4BF6150B1C12E4DF4C97663A74131059D3FFC24204159C3809909AA37C07ED8F1FEF149FF40BD1EACABA123B0C09459214018D8680000000000000000000000009A31,JS1YNU,JS1YRU,,3,240,207,cc fe 82 42 6a 71 ac 06 fd 00 00 06 01 00 00 00 0b 5c 01 01 01 00 41 42 c7 24 70 be 4c 3d 42 04 cc cd 40 a6 51 ec 3f a6 66 67 40 a6 70 a4 00 00 00 00 41 24 63 67 03 0c 6b 00 01 1d 08 06 07 0a e6 bb d7 8d 0f bc 31 28 45 ba c1 fd 29 bb c5 a7 9d bc 06 4e 12 ba a9 28 c8 c4 e4 e1 a4 c7 29 80 d0 46 ca 59 fa c4 95 42 40 c7 29 81 71 46 c6 df bf 00 00 00 07 3f 3a 8d 22 3e c6 03 99 3e cf a6 7d 3e c9 85 10 3e e3 22 39 be 2d 0c b4 bf 61 50 b1 c1 2e 4d f4 c9 76 63 a7 41 31 05 9d 3f fc 24 20 41 59 c3 80 99 09 aa 37 c0 7e d8 f1 fe f1 49 ff 40 bd 1e ac ab a1 23 b0 c0 94 59 21 40 18 d8 68 00 00 00 00 00 00 00 00 00 00 00 00 9a 31,JS1YRU>JS1YNU: cc fe 82 42 6a 71 ac 06 fd 00 00 06 01 00 00 00 0b 5c 01 01 01 00 41 42 c7 24 70 be 4c 3d 42 04 cc cd 40 a6 51 ec 3f a6 66 67 40 a6 70 a4 00 00 00 00 41 24 63 67 03 0c 6b 00 01 1d 08 06 07 0a e6 bb d7 8d 0f bc 31 28 45 ba c1 fd 29 bb c5 a7 9d bc 06 4e 12 ba a9 28 c8 c4 e4 e1 a4 c7 29 80 d0 46 ca 59 fa c4 95 42 40 c7 29 81 71 46 c6 df bf 00 00 00 07 3f 3a 8d 22 3e c6 03 99 3e cf a6 7d 3e c9 85 10 3e e3 22 39 be 2d 0c b4 bf 61 50 b1 c1 2e 4d f4 c9 76 63 a7 41 31 05 9d 3f fc 24 20 41 59 c3 80 99 09 aa 37 c0 7e d8 f1 fe f1 49 ff 40 bd 1e ac ab a1 23 b0 c0 94 59 21 40 18 d8 68 00 00 00 00 00 00 00 00 00 00 00 00 9a 31
168.425,223,94A662B29CAA6094A662B2A4AAE103F0CCFE82436A71AC15FD000006010000000B5C010101004142C72470C410014204000040A63D713FB3333340A670A400000000412502E4020B6D00012007070704EEBBEF1EE8BC24E948BB12B1EABBF0F41FBC1C56CABA0011404595D40FC72D3B1546B44BD545B4C060C72D4C1C46B1DB20000000073F3AB5C73EBB196F3EB538093EEA361A3EA5E004BDA73AABBF7149FFC12E7CCE9E58CBA64132C39B6CF892FF4159AF45DD1AAF11C07D32EE0E0A9C8040BD09DD6C45E50CC09645662658D9C00000000000000000000000005F99,JS1YNU,JS1YRU,,3,240,207,cc fe 82 43 6a 71 ac 15 fd 00 00 06 01 00 00 00 0b 5c 01 01 01 00 41 42 c7 24 70 c4 10 01 42 04 00 00 40 a6 3d 71 3f b3 33 33 40 a6 70 a4 00 00 00 00 41 25 02 e4 02 0b 6d 00 01 20 07 07 07 04 ee bb ef 1e e8 bc 24 e9 48 bb 12 b1 ea bb f0 f4 1f bc 1c 56 ca ba 00 11 40 45 95 d4 0f c7 2d 3b 15 46 b4 4b d5 45 b4 c0 60 c7 2d 4c 1c 46 b1 db 20 00 00 00 07 3f 3a b5 c7 3e bb 19 6f 3e b5 38 09 3e ea 36 1a 3e a5 e0 04 bd a7 3a ab bf 71 49 ff c1 2e 7c ce 9e 58 cb a6 41 32 c3 9b 6c f8 92 ff 41 59 af 45 dd 1a af 11 c0 7d 32 ee 0e 0a 9c 80 40 bd 09 dd 6c 45 e5 0c c0 96 45 66 26 58 d9 c0 00 00 00 00 00 00 00 00 00 00 00 00 5f 99,JS1YRU>JS1YNU: cc fe 82 43 6a 71 ac 15 fd 00 00 06 01 00 00 00 0b 5c 01 01 01 00 41 42 c7 24 70 c4 10 01 42 04 00 00 40 a6 3d 71 3f b3 33 33 40 a6 70 a4 00 00 00 00 41 25 02 e4 02 0b 6d 00 01 20 07 07 07 04 ee bb ef 1e e8 bc 24 e9 48 bb 12 b1 ea bb f0 f4 1f bc 1c 56 ca ba 00 11 40 45 95 d4 0f c7 2d 3b 15 46 b4 4b d5 45 b4 c0 60 c7 2d 4c 1c 46 b1 db 20 00 00 00 07 3f 3a b5 c7 3e bb 19 6f 3e b5 38 09 3e ea 36 1a 3e a5 e0 04 bd a7 3a ab bf 71 49 ff c1 2e 7c ce 9e 58 cb a6 41 32 c3 9b 6c f8 92 ff 41 59 af 45 dd 1a af 11 c0 7d 32 ee 0e 0a 9c 80 40 bd 09 dd 6c 45 e5 0c c0 96 45 66 26 58 d9 c0 00 00 00 00 00 00 00 00 00 00 00 00 5f 99
170.27,223,94A662B29CAA6094A662B2A4AAE103F0CCFE82446A71AC24FD000006010000000B5C010101004142C72470C9ACEF4200CCCD40A647AE3FB3333340A651EC000000004124EA5B020A6E0001240D080700F6BBEDCAB1BC396ACDBA71C6BABBDF7229BC41792EBA85D77746295EC8C72E87E0469503784636ED54C72DD07A4692D05C000000073F3A44433EAB7ECC3E9A6B1E3F0463903E3ADDE3B82371E7BF7BB389C12EA67FBB3D6B11413474F427D14FDA415999CF3C558F9DC07B96833899090840BCF38FF45A22B1C098238E5A0E02F0000000000000000000000000EEF0,JS1YNU,JS1YRU,,3,240,207,cc fe 82 44 6a 71 ac 24 fd 00 00 06 01 00 00 00 0b 5c 01 01 01 00 41 42 c7 24 70 c9 ac ef 42 00 cc cd 40 a6 47 ae 3f b3 33 33 40 a6 51 ec 00 00 00 00 41 24 ea 5b 02 0a 6e 00 01 24 0d 08 07 00 f6 bb ed ca b1 bc 39 6a cd ba 71 c6 ba bb df 72 29 bc 41 79 2e ba 85 d7 77 46 29 5e c8 c7 2e 87 e0 46 95 03 78 46 36 ed 54 c7 2d d0 7a 46 92 d0 5c 00 00 00 07 3f 3a 44 43 3e ab 7e cc 3e 9a 6b 1e 3f 04 63 90 3e 3a dd e3 b8 23 71 e7 bf 7b b3 89 c1 2e a6 7f bb 3d 6b 11 41 34 74 f4 27 d1 4f da 41 59 99 cf 3c 55 8f 9d c0 7b 96 83 38 99 09 08 40 bc f3 8f f4 5a 22 b1 c0 98 23 8e 5a 0e 02 f0 00 00 00 00 00 00 00 00 00 00 00 00 ee f0,JS1YRU>JS1YNU: cc fe 82 44 6a 71 ac 24 fd 00 00 06 01 00 00 00 0b 5c 01 01 01 00 41 42 c7 24 70 c9 ac ef 42 00 cc cd 40 a6 47 ae 3f b3 33 33 40 a6 51 ec 00 00 00 00 41 24 ea 5b 02 0a 6e 00 01 24 0d 08 07 00 f6 bb ed ca b1 bc 39 6a cd ba 71 c6 ba bb df 72 29 bc 41 79 2e ba 85 d7 77 46 29 5e c8 c7 2e 87 e0 46 95 03 78 46 36 ed 54 c7 2d d0 7a 46 92 d0 5c 00 00 00 07 3f 3a 44 43 3e ab 7e cc 3e 9a 6b 1e 3f 04 63 90 3e 3a dd e3 b8 23 71 e7 bf 7b b3 89 c1 2e a6 7f bb 3d 6b 11 41 34 74 f4 27 d1 4f da 41 59 99 cf 3c 55 8f 9d c0 7b 96 83 38 99 09 08 40 bc f3 8f f4 5a 22 b1 c0 98 23 8e 5a 0e 02 f0 00 00 00 00 00 00 00 00 00 00 00 00 ee f0
172.37,223,94A662B29CAA6094A662B2A4AAE103F0CCFE82456A71AC337500000B010000000B5C010101004142C72470CF70B341DF333340A647AE3FC0000040A670A4000000004125DFB802096F000121090807FCFEBBF7A1C9BC452FE73B252117BC075A9EBC2E439A3B54DB0B466F8281C73057A1465D0F1146732618C72FE1EE4647DAE0000000073F3980073E9867CE3E81990A3F1153BB3D2371DD3D9275E2BF7F23DFC12ECD60677C48DC413631EBE3440FF4415981E535E4D13BC079ECFEF3E08C0140BCDA816DA0F022C09A0E662DF6D82B0000000000000000000000004198,JS1YNU,JS1YRU,,3,240,207,cc fe 82 45 6a 71 ac 33 75 00 00 0b 01 00 00 00 0b 5c 01 01 01 00 41 42 c7 24 70 cf 70 b3 41 df 33 33 40 a6 47 ae 3f c0 00 00 40 a6 70 a4 00 00 00 00 41 25 df b8 02 09 6f 00 01 21 09 08 07 fc fe bb f7 a1 c9 bc 45 2f e7 3b 25 21 17 bc 07 5a 9e bc 2e 43 9a 3b 54 db 0b 46 6f 82 81 c7 30 57 a1 46 5d 0f 11 46 73 26 18 c7 2f e1 ee 46 47 da e0 00 00 00 07 3f 39 80 07 3e 98 67 ce 3e 81 99 0a 3f 11 53 bb 3d 23 71 dd 3d 92 75 e2 bf 7f 23 df c1 2e cd 60 67 7c 48 dc 41 36 31 eb e3 44 0f f4 41 59 81 e5 35 e4 d1 3b c0 79 ec fe f3 e0 8c 01 40 bc da 81 6d a0 f0 22 c0 9a 0e 66 2d f6 d8 2b 00 00 00 00 00 00 00 00 00 00 00 00 41 98,JS1YRU>JS1YNU: cc fe 82 45 6a 71 ac 33 75 00 00 0b 01 00 00 00 0b 5c 01 01 01 00 41 42 c7 24 70 cf 70 b3 41 df 33 33 40 a6 47 ae 3f c0 00 00 40 a6 70 a4 00 00 00 00 41 25 df b8 02 09 6f 00 01 21 09 08 07 fc fe bb f7 a1 c9 bc 45 2f e7 3b 25 21 17 bc 07 5a 9e bc 2e 43 9a 3b 54 db 0b 46 6f 82 81 c7 30 57 a1 46 5d 0f 11 46 73 26 18 c7 2f e1 ee 46 47 da e0 00 00 00 07 3f 39 80 07 3e 98 67 ce 3e 81 99 0a 3f 11 53 bb 3d 23 71 dd 3d 92 75 e2 bf 7f 23 df c1 2e cd 60 67 7c 48 dc 41 36 31 eb e3 44 0f f4 41 59 81 e5 35 e4 d1 3b c0 79 ec fe f3 e0 8c 01 40 bc da 81 6d a0 f0 22 c0 9a 0e 66 2d f6 d8 2b 00 00 00 00 00 00 00 00 00 00 00 00 41 98
174.27,223,94A662B29CAA6094A662B2A4AAE103F0CCFE82466A71AC42FD00000C010000000B5C010101004142C72470D504734204CCCD40A628F63F80000040A6666600000000412641DD010970000123050806F805BBFF2C34BC452E283B888FA3BC0B8A71BC51651E3B91CE77468861F4C732783645ED346846882786C73277C145D2DEF0000000073F38390E3E7BF8CC3E5B55F23F1CEADBBDC65A323E12F051BF7C2271C12EEEDC25337FA64137DD3896D40D1C415969212AED2A0AC078519A26AF59D340BCC05F084BF3F1C09BE5967FFA4AA10000000000000000000000006870,JS1YNU,JS1YRU,,3,240,207,cc fe 82 46 6a 71 ac 42 fd 00 00 0c 01 00 00 00 0b 5c 01 01 01 00 41 42 c7 24 70 d5 04 73 42 04 cc cd 40 a6 28 f6 3f 80 00 00 40 a6 66 66 00 00 00 00 41 26 41 dd 01 09 70 00 01 23 05 08 06 f8 05 bb ff 2c 34 bc 45 2e 28 3b 88 8f a3 bc 0b 8a 71 bc 51 65 1e 3b 91 ce 77 46 88 61 f4 c7 32 78 36 45 ed 34 68 46 88 27 86 c7 32 77 c1 45 d2 de f0 00 00 00 07 3f 38 39 0e 3e 7b f8 cc 3e 5b 55 f2 3f 1c ea db bd c6 5a 32 3e 12 f0 51 bf 7c 22 71 c1 2e ee dc 25 33 7f a6 41 37 dd 38 96 d4 0d 1c 41 59 69 21 2a ed 2a 0a c0 78 51 9a 26 af 59 d3 40 bc c0 5f 08 4b f3 f1 c0 9b e5 96 7f fa 4a a1 00 00 00 00 00 00 00 00 00 00 00 00 68 70,JS1YRU>JS1YNU: cc fe 82 46 6a 71 ac 42 fd 00 00 0c 01 00 00 00 0b 5c 01 01 01 00 41 42 c7 24 70 d5 04 73 42 04 cc cd 40 a6 28 f6 3f 80 00 00 40 a6 66 66 00 00 00 00 41 26 41 dd 01 09 70 00 01 23 05 08 06 f8 05 bb ff 2c 34 bc 45 2e 28 3b 88 8f a3 bc 0b 8a 71 bc 51 65 1e 3b 91 ce 77 46 88 61 f4 c7 32 78 36 45 ed 34 68 46 88 27 86 c7 32 77 c1 45 d2 de f0 00 00 00 07 3f 38 39 0e 3e 7b f8 cc 3e 5b 55 f2 3f 1c ea db bd c6 5a 32 3e 12 f0 51 bf 7c 22 71 c1 2e ee dc 25 33 7f a6 41 37 dd 38 96 d4 0d 1c 41 59 69 21 2a ed 2a 0a c0 78 51 9a 26 af 59 d3 40 bc c0 5f 08 4b f3 f1 c0 9b e5 96 7f fa 4a a1 00 00 00 00 00 00 00 00 00 00 00 00 68 70
176.12,223,94A662B29CAA6094A662B2A4AAE103F0CCFE82476A71AC72FD00000C010000000B5C010101004142C72470DAC8374202CCCD40A651EC3FA6666740A651EC0000000041262954010870000120000607F30DBC018D58BC45FEFF3BCF0FF4BC005BB6BC5A6F143BDC279546852388C734670E444C08FB468408B2C733D8B942A85A00000000073F364B4C3E382C533E3B93733F274A26BE6B408B3E68957FBF7245D1C12F0D6BFB7AD82F41399573D779DF9841594DBF65F15336C076A799A69FEC2F40BCA34B164596ACC09DCAE5BD3015C0000000000000000000000000A4C9,JS1YNU,JS1YRU,,3,240,207,cc fe 82 47 6a 71 ac 72 fd 00 00 0c 01 00 00 00 0b 5c 01 01 01 00 41 42 c7 24 70 da c8 37 42 02 cc cd 40 a6 51 ec 3f a6 66 67 40 a6 51 ec 00 00 00 00 41 26 29 54 01 08 70 00 01 20 00 06 07 f3 0d bc 01 8d 58 bc 45 fe ff 3b cf 0f f4 bc 00 5b b6 bc 5a 6f 14 3b dc 27 95 46 85 23 88 c7 34 67 0e 44 4c 08 fb 46 84 08 b2 c7 33 d8 b9 42 a8 5a 00 00 00 00 07 3f 36 4b 4c 3e 38 2c 53 3e 3b 93 73 3f 27 4a 26 be 6b 40 8b 3e 68 95 7f bf 72 45 d1 c1 2f 0d 6b fb 7a d8 2f 41 39 95 73 d7 79 df 98 41 59 4d bf 65 f1 53 36 c0 76 a7 99 a6 9f ec 2f 40 bc a3 4b 16 45 96 ac c0 9d ca e5 bd 30 15 c0 00 00 00 00 00 00 00 00 00 00 00 00 a4 c9,JS1YRU>JS1YNU: cc fe 82 47 6a 71 ac 72 fd 00 00 0c 01 00 00 00 0b 5c 01 01 01 00 41 42 c7 24 70 da c8 37 42 02 cc cd 40 a6 51 ec 3f a6 66 67 40 a6 51 ec 00 00 00 00 41 26 29 54 01 08 70 00 01 20 00 06 07 f3 0d bc 01 8d 58 bc 45 fe ff 3b cf 0f f4 bc 00 5b b6 bc 5a 6f 14 3b dc 27 95 46 85 23 88 c7 34 67 0e 44 4c 08 fb 46 84 08 b2 c7 33 d8 b9 42 a8 5a 00 00 00 00 07 3f 36 4b 4c 3e 38 2c 53 3e 3b 93 73 3f 27 4a 26 be 6b 40 8b 3e 68 95 7f bf 72 45 d1 c1 2f 0d 6b fb 7a d8 2f 41 39 95 73 d7 79 df 98 41 59 4d bf 65 f1 53 36 c0 76 a7 99 a6 9f ec 2f 40 bc a3 4b 16 45 96 ac c0 9d ca e5 bd 30 15 c0 00 00 00 00 00 00 00 00 00 00 00 00 a4 c9
177.97,223,94A662B29CAA6094A662B2A4AAE103F0CCFE82486A71AC72FD00000C010000000B5C010101004142C72470E0652541DF333340A651EC3F8CCCCD40A66666000000004126F9E301076E000120000507ED14BC1C94CCBC337AC63C125A19BC32685ABC2EF4B63BC20964466826D8C735D3F9C5AABF64465EDD14C73565D1C5CEE740000000073F3310A33DD5D1583E27C3E83F30103BBEABAB0E3EA451D2BF62C188C12F27606E90F8B1413B424832EB5E454159313AAB74B047C07506EFEE81DB6B40BC84D82E894E02C09FA384DA895FD7000000000000000000000000B367,JS1YNU,JS1YRU,,3,240,207,cc fe 82 48 6a 71 ac 72 fd 00 00 0c 01 00 00 00 0b 5c 01 01 01 00 41 42 c7 24 70 e0 65 25 41 df 33 33 40 a6 51 ec 3f 8c cc cd 40 a6 66 66 00 00 00 00 41 26 f9 e3 01 07 6e 00 01 20 00 05 07 ed 14 bc 1c 94 cc bc 33 7a c6 3c 12 5a 19 bc 32 68 5a bc 2e f4 b6 3b c2 09 64 46 68 26 d8 c7 35 d3 f9 c5 aa bf 64 46 5e dd 14 c7 35 65 d1 c5 ce e7 40 00 00 00 07 3f 33 10 a3 3d d5 d1 58 3e 27 c3 e8 3f 30 10 3b be ab ab 0e 3e a4 51 d2 bf 62 c1 88 c1 2f 27 60 6e 90 f8 b1 41 3b 42 48 32 eb 5e 45 41 59 31 3a ab 74 b0 47 c0 75 06 ef ee 81 db 6b 40 bc 84 d8 2e 89 4e 02 c0 9f a3 84 da 89 5f d7 00 00 00 00 00 00 00 00 00 00 00 00 b3 67,JS1YRU>JS1YNU: cc fe 82 48 6a 71 ac 72 fd 00 00 0c 01 00 00 00 0b 5c 01 01 01 00 41 42 c7 24 70 e0 65 25 41 df 33 33 40 a6 51 ec 3f 8c cc cd 40 a6 66 66 00 00 00 00 41 26 f9 e3 01 07 6e 00 01 20 00 05 07 ed 14 bc 1c 94 cc bc 33 7a c6 3c 12 5a 19 bc 32 68 5a bc 2e f4 b6 3b c2 09 64 46 68 26 d8 c7 35 d3 f9 c5 aa bf 64 46 5e dd 14 c7 35 65 d1 c5 ce e7 40 00 00 00 07 3f 33 10 a3 3d d5 d1 58 3e 27 c3 e8 3f 30 10 3b be ab ab 0e 3e a4 51 d2 bf 62 c1 88 c1 2f 27 60 6e 90 f8 b1 41 3b 42 48 32 eb 5e 45 41 59 31 3a ab 74 b0 47 c0 75 06 ef ee 81 db 6b 40 bc 84 d8 2e 89 4e 02 c0 9f a3 84 da 89 5f d7 00 00 00 00 00 00 00 00 00 00 00 00 b3 67
179.824,223,94A662B29CAA6094A662B2A4AAE103F0CCFE824A6A71AC7EFD00000C010000000B5C010101004142C72470EBC5D74202CCCD40A647AE3F99999A40A670A4000000004128140F020762000118FDFF04DD1EBC27CDB8BC2C70A53C3F4E21BC26EF6CBC2B3ABE3C54D8B0457983E5C732027BC68A913B453D1420C730664CC68FE1C6000000073F299AFDBD6193873E23A32B3F3ACF24BEDC9FCE3F07C324BF3AE94DC12F4F9AD0AFEABD413E9E5DAD63193F4158F27550C40540C071BBE9912CDA2840BC415A8A4B5AB6C0A1AB8057C21CF7000000000000000000000000A84D,JS1YNU,JS1YRU,,3,240,207,cc fe 82 4a 6a 71 ac 7e fd 00 00 0c 01 00 00 00 0b 5c 01 01 01 00 41 42 c7 24 70 eb c5 d7 42 02 cc cd 40 a6 47 ae 3f 99 99 9a 40 a6 70 a4 00 00 00 00 41 28 14 0f 02 07 62 00 01 18 fd ff 04 dd 1e bc 27 cd b8 bc 2c 70 a5 3c 3f 4e 21 bc 26 ef 6c bc 2b 3a be 3c 54 d8 b0 45 79 83 e5 c7 32 02 7b c6 8a 91 3b 45 3d 14 20 c7 30 66 4c c6 8f e1 c6 00 00 00 07 3f 29 9a fd bd 61 93 87 3e 23 a3 2b 3f 3a cf 24 be dc 9f ce 3f 07 c3 24 bf 3a e9 4d c1 2f 4f 9a d0 af ea bd 41 3e 9e 5d ad 63 19 3f 41 58 f2 75 50 c4 05 40 c0 71 bb e9 91 2c da 28 40 bc 41 5a 8a 4b 5a b6 c0 a1 ab 80 57 c2 1c f7 00 00 00 00 00 00 00 00 00 00 00 00 a8 4d,JS1YRU>JS1YNU: cc fe 82 4a 6a 71 ac 7e fd 00 00 0c 01 00 00 00 0b 5c 01 01 01 00 41 42 c7 24 70 eb c5 d7 42 02 cc cd 40 a6 47 ae 3f 99 99 9a 40 a6 70 a4 00 00 00 00 41 28 14 0f 02 07 62 00 01 18 fd ff 04 dd 1e bc 27 cd b8 bc 2c 70 a5 3c 3f 4e 21 bc 26 ef 6c bc 2b 3a be 3c 54 d8 b0 45 79 83 e5 c7 32 02 7b c6 8a 91 3b 45 3d 14 20 c7 30 66 4c c6 8f e1 c6 00 00 00 07 3f 29 9a fd bd 61 93 87 3e 23 a3 2b 3f 3a cf 24 be dc 9f ce 3f 07 c3 24 bf 3a e9 4d c1 2f 4f 9a d0 af ea bd 41 3e 9e 5d ad 63 19 3f 41 58 f2 75 50 c4 05 40 c0 71 bb e9 91 2c da 28 40 bc 41 5a 8a 4b 5a b6 c0 a1 ab 80 57 c2 1c f7 00 00 00 00 00 00 00 00 00 00 00 00 a8 4d
181.97,223,94A662B29CAA6094A662B2A4AAE103F0CCFE824B6A71AC8DFD00000C010000000B5C010101004142C72470F1899B41DC000040A65C293FA6666740A666660000000041284522020655000112F8FA05D321BC20C16CBC1B302A3C27BEA5BC1BD1FABC1C2DE43C34271AC5577C22C727C71EC6B5B031C58C0230C72455CCC6BE71EA000000073F22DF91BE0ACC993E2D73AC3F3D8933BED8C5F63F24554CBF23A7ABC12F5DD646F7E7324140276DC8C90D584158D00731A763D9C07010E2F7B0184340BC1C1D46DAD707C0A299A07B4A9AE80000000000000000000000003467,JS1YNU,JS1YRU,,3,240,207,cc fe 82 4b 6a 71 ac 8d fd 00 00 0c 01 00 00 00 0b 5c 01 01 01 00 41 42 c7 24 70 f1 89 9b 41 dc 00 00 40 a6 5c 29 3f a6 66 67 40 a6 66 66 00 00 00 00 41 28 45 22 02 06 55 00 01 12 f8 fa 05 d3 21 bc 20 c1 6c bc 1b 30 2a 3c 27 be a5 bc 1b d1 fa bc 1c 2d e4 3c 34 27 1a c5 57 7c 22 c7 27 c7 1e c6 b5 b0 31 c5 8c 02 30 c7 24 55 cc c6 be 71 ea 00 00 00 07 3f 22 df 91 be 0a cc 99 3e 2d 73 ac 3f 3d 89 33 be d8 c5 f6 3f 24 55 4c bf 23 a7 ab c1 2f 5d d6 46 f7 e7 32 41 40 27 6d c8 c9 0d 58 41 58 d0 07 31 a7 63 d9 c0 70 10 e2 f7 b0 18 43 40 bc 1c 1d 46 da d7 07 c0 a2 99 a0 7b 4a 9a e8 00 00 00 00 00 00 00 00 00 00 00 00 34 67,JS1YRU>JS1YNU: cc fe 82 4b 6a 71 ac 8d fd 00 00 0c 01 00 00 00 0b 5c 01 01 01 00 41 42 c7 24 70 f1 89 9b 41 dc 00 00 40 a6 5c 29 3f a6 66 67 40 a6 66 66 00 00 00 00 41 28 45 22 02 06 55 00 01 12 f8 fa 05 d3 21 bc 20 c1 6c bc 1b 30 2a 3c 27 be a5 bc 1b d1 fa bc 1c 2d e4 3c 34 27 1a c5 57 7c 22 c7 27 c7 1e c6 b5 b0 31 c5 8c 02 30 c7 24 55 cc c6 be 71 ea 00 00 00 07 3f 22 df 91 be 0a cc 99 3e 2d 73 ac 3f 3d 89 33 be d8 c5 f6 3f 24 55 4c bf 23 a7 ab c1 2f 5d d6 46 f7 e7 32 41 40 27 6d c8 c9 0d 58 41 58 d0 07 31 a7 63 d9 c0 70 10 e2 f7 b0 18 43 40 bc 1c 1d 46 da d7 07 c0 a2 99 a0 7b 4a 9a e8 00 00 00 00 00 00 00 00 00 00 00 00 34 67
201.267,133,94A662B29CAA6094A662B2A4AAE103F072FF01076AC0A4F88A0300070401000100009D1B5D600000106440FFAA8FC31179000300180000859D85008600090000000000000000007F077F050601004B42483E0083A4968584838585848486878CBDCB5DAC3E93AE56BD9A6EB800000000007D0020F8E0FFFF0000000000ED0C130C0003E523,JS1YNU,JS1YRU,,3,240,117,72 ff 01 07 6a c0 a4 f8 8a 03 00 07 04 01 00 01 00 00 9d 1b 5d 60 00 00 10 64 40 ff aa 8f c3 11 79 00 03 00 18 00 00 85 9d 85 00 86 00 09 00 00 00 00 00 00 00 00 00 7f 07 7f 05 06 01 00 4b 42 48 3e 00 83 a4 96 85 84 83 85 85 84 84 86 87 8c bd cb 5d ac 3e 93 ae 56 bd 9a 6e b8 00 00 00 00 00 7d 00 20 f8 e0 ff ff 00 00 00 00 00 ed 0c 13 0c 00 03 e5 23,JS1YRU>JS1YNU: 72 ff 01 07 6a c0 a4 f8 8a 03 00 07 04 01 00 01 00 00 9d 1b 5d 60 00 00 10 64 40 ff aa 8f c3 11 79 00 03 00 18 00 00 85 9d 85 00 86 00 09 00 00 00 00 00 00 00 00 00 7f 07 7f 05 06 01 00 4b 42 48 3e 00 83 a4 96 85 84 83 85 85 84 84 86 87 8c bd cb 5d ac 3e 93 ae 56 bd 9a 6e b8 00 00 00 00 00 7d 00 20 f8 e0 ff ff 00 00 00 00 00 ed 0c 13 0c 00 03 e5 23
218.566,133,94A662B29CAA6094A662B2A4AAE103F072FF01086AC0A50A8A0300080401000100009E755D600000106440FFAA8FC31179000300180000859D85008500090000000000000000007F037F060301004B42483E0083A4988584838585848486878CBBFEE4803E68E8C8BD98AF9800000000008B0020F8E0FFFF0000000000ED0C130C0003C310,JS1YNU,JS1YRU,,3,240,117,72 ff 01 08 6a c0 a5 0a 8a 03 00 08 04 01 00 01 00 00 9e 75 5d 60 00 00 10 64 40 ff aa 8f c3 11 79 00 03 00 18 00 00 85 9d 85 00 85 00 09 00 00 00 00 00 00 00 00 00 7f 03 7f 06 03 01 00 4b 42 48 3e 00 83 a4 98 85 84 83 85 85 84 84 86 87 8c bb fe e4 80 3e 68 e8 c8 bd 98 af 98 00 00 00 00 00 8b 00 20 f8 e0 ff ff 00 00 00 00 00 ed 0c 13 0c 00 03 c3 10,JS1YRU>JS1YNU: 72 ff 01 08 6a c0 a5 0a 8a 03 00 08 04 01 00 01 00 00 9e 75 5d 60 00 00 10 64 40 ff aa 8f c3 11 79 00 03 00 18 00 00 85 9d 85 00 85 00 09 00 00 00 00 00 00 00 00 00 7f 03 7f 06 03 01 00 4b 42 48 3e 00 83 a4 98 85 84 83 85 85 84 84 86 87 8c bb fe e4 80 3e 68 e8 c8 bd 98 af 98 00 00 00 00 00 8b 00 20 f8 e0 ff ff 00 00 00 00 00 ed 0c 13 0c 00 03 c3 10
238.266,133,94A662B29CAA6094A662B2A4AAE103F072FF01096AC0A51D8A0300090401000100009FFF5D600000106441000419C34697C00300180000859D85008500090000000000000000007F037F060301004B42483E0083A59A8584838585848486878C3DABA49C3E2A70493DE1D8280000000000880020F8E0FFFF0000000000ED0C130C0003432D,JS1YNU,JS1YRU,,3,240,117,72 ff 01 09 6a c0 a5 1d 8a 03 00 09 04 01 00 01 00 00 9f ff 5d 60 00 00 10 64 41 00 04 19 c3 46 97 c0 03 00 18 00 00 85 9d 85 00 85 00 09 00 00 00 00 00 00 00 00 00 7f 03 7f 06 03 01 00 4b 42 48 3e 00 83 a5 9a 85 84 83 85 85 84 84 86 87 8c 3d ab a4 9c 3e 2a 70 49 3d e1 d8 28 00 00 00 00 00 88 00 20 f8 e0 ff ff 00 00 00 00 00 ed 0c 13 0c 00 03 43 2d,JS1YRU>JS1YNU: 72 ff 01 09 6a c0 a5 1d 8a 03 00 09 04 01 00 01 00 00 9f ff 5d 60 00 00 10 64 41 00 04 19 c3 46 97 c0 03 00 18 00 00 85 9d 85 00 85 00 09 00 00 00 00 00 00 00 00 00 7f 03 7f 06 03 01 00 4b 42 48 3e 00 83 a5 9a 85 84 83 85 85 84 84 86 87 8c 3d ab a4 9c 3e 2a 70 49 3d e1 d8 28 00 00 00 00 00 88 00 20 f8 e0 ff ff 00 00 00 00 00 ed 0c 13 0c 00 03 43 2d
274.569,133,94A662B29CAA6094A662B2A4AAE103F072FF010A6AC0A5420003000A040100010000A2D75D600000106440FD78C04301C9400300180000859D84008500090000000000000000007E207D062B01004B42483E0083A59C8584838585848486878CBDCAE7983D9989A0BD2A03B00000000000840020F8E0FFFF0000000000ED0C130C0003DD94,JS1YNU,JS1YRU,,3,240,117,72 ff 01 0a 6a c0 a5 42 00 03 00 0a 04 01 00 01 00 00 a2 d7 5d 60 00 00 10 64 40 fd 78 c0 43 01 c9 40 03 00 18 00 00 85 9d 84 00 85 00 09 00 00 00 00 00 00 00 00 00 7e 20 7d 06 2b 01 00 4b 42 48 3e 00 83 a5 9c 85 84 83 85 85 84 84 86 87 8c bd ca e7 98 3d 99 89 a0 bd 2a 03 b0 00 00 00 00 00 84 00 20 f8 e0 ff ff 00 00 00 00 00 ed 0c 13 0c 00 03 dd 94,JS1YRU>JS1YNU: 72 ff 01 0a 6a c0 a5 42 00 03 00 0a 04 01 00 01 00 00 a2 d7 5d 60 00 00 10 64 40 fd 78 c0 43 01 c9 40 03 00 18 00 00 85 9d 84 00 85 00 09 00 00 00 00 00 00 00 00 00 7e 20 7d 06 2b 01 00 4b 42 48 3e 00 83 a5 9c 85 84 83 85 85 84 84 86 87 8c bd ca e7 98 3d 99 89 a0 bd 2a 03 b0 00 00 00 00 00 84 00 20 f8 e0 ff ff 00 00 00 00 00 ed 0c 13 0c 00 03 dd 94
